Protein,Peptide,N_overhang,C_overhang,spikeTideResult,spikeTide
AT1G09610,VNQADNLIEVGK,YDSK,GPE,fully_representative,YDSK.VNQADNLIEVGK.GPE
AT1G09610,TVFLEEDEAWIK,YGGR,QIK,fully_representative,YGGR.TVFLEEDEAWIK.QIK
AT1G09610,GPECTAIGDPR,EVGK,YSM,fully_representative,EVGK.GPECTAIGDPR.YSM
AT1G09610,HFIIPSYR,QEGRLR,DGS,fully_representative,QEGRLR.HFIIPSYR.DGS
AT1G09610,CSGACNK,QETRSTR,LPR,fully_representative,QETRSTR.CSGACNK.LPR
AT1G09610,SLAQALIHYSTSVITPQQTLK,ACNKLPR,EIA,no_overhangs,SLAQALIHYSTSVITPQQTLK
AT1G09610,STLTSSQEHQTPQETR,FIVR,STR,no_overhangs,STLTSSQEHQTPQETR
AT1G19360,LAEQGSDNAR,LTEKLR,KQVL,fully_representative,LTEKLR.LAEQGSDNAR.KQVL
AT1G19360,ILEEIAVDK,INPRLAK,EVI,fully_representative,INPRLAK.ILEEIAVDK.EVI
AT1G19360,TGGNHAVSGLK,TVGK,FRVLR,fully_representative,TVGK.TGGNHAVSGLK.FRVLR
AT1G19360,ASEHLSK,SSLK,SSN,fully_representative,SSLK.ASEHLSK.SSN
AT1G19360,DVDTVGK,DPDK,TGG,fully_representative,DPDK.DVDTVGK.TGG
AT1G19360,SDFVTLSEK,SPERVKMLK,NAE,N_overhang_shortened,PERVKMLK.SDFVTLSEK.NAE
AT1G19360,TNPTILPDESINPR,GTVKSLR,LAK,no_overhangs,TNPTILPDESINPR
AT1G19360,SSNQVGSSACESPER,HLSK,VKMLK,no_overhangs,SSNQVGSSACESPER
AT1G27440,FLLSSPVR,FMHR,TRNPD,fully_representative,FMHR.FLLSSPVR.TRNPD
AT1G27440,ATLVQTFGQR,LLQR,NHV,fully_representative,LLQR.ATLVQTFGQR.NHV
AT1G27440,GILPLLQR,AIER,ATL,fully_representative,AIER.GILPLLQR.ATL
AT1G27440,AAVWENFK,YYARGAR,NNP,fully_representative,YYARGAR.AAVWENFK.NNP
AT1G27440,VYVYELPSK,PVGKLK,YNK,fully_representative,PVGKLK.VYVYELPSK.YNK
AT1G27440,ISGSAGDVLEDDPVGK,QNVRTER,LKVYV,no_overhangs,ISGSAGDVLEDDPVGK
AT1G27440,GLFYDVNNDPEGGYYAR,VYFR,GAR,no_overhangs,GLFYDVNNDPEGGYYAR
AT1G27440,DVPELDTILTSIPTEVILR,VAEK,KQRLLA,no_overhangs,DVPELDTILTSIPTEVILR
AT1G27440,SSIQLISSNWPYWNR,LPFKSPRMMR,TEG,no_overhangs,SSIQLISSNWPYWNR
AT1G27440,AIFCLCPLGWAPWSPR,DMQR,LVE,no_overhangs,AIFCLCPLGWAPWSPR
AT1G27600,LLIVVTPTYNR,FVPKK,AMQ,fully_representative,FVPKK.LLIVVTPTYNR.AMQ
AT1G27600,LLGVTSDPK,YLTK,SSR,fully_representative,YLTK.LLGVTSDPK.SSR
AT1G27600,HNSSQFLSYLTK,SSSK,LLG,fully_representative,SSSK.HNSSQFLSYLTK.LLG
AT1G27600,NTALEHIELHK,VHQR,LDG,fully_representative,VHQR.NTALEHIELHK.LDG
AT1G27600,GFTIGGSSSK,GSHK,HNS,fully_representative,GSHK.GFTIGGSSSK.HNS
AT1G27600,SHENGGSHK,YHDR,GFT,fully_representative,YHDR.SHENGGSHK.GFT
AT1G33800,TNLSQEEEETQHK,PISK,QEG,fully_representative,PISK.TNLSQEEEETQHK.QEG
AT1G33800,DFPADFYETK,LALK,WDL,fully_representative,LALK.DFPADFYETK.WDL
AT1G33800,HFTIPSHR,QNGRLR,ARAGR,fully_representative,QNGRLR.HFTIPSHR.ARAGR
AT1G33800,TLFIEEDQAWIAIVTK,HGGR,KFPN,no_overhangs,TLFIEEDQAWIAIVTK
AT1G33800,VIFIGSSILILIIIYLAR,LNLK,SNI,no_overhangs,VIFIGSSILILIIIYLAR
AT1G74380,VLTAYLK,EAGK,GRP,fully_representative,EAGK.VLTAYLK.GRP
AT1G74380,ITDWDSQR,LGPK,KVWL,fully_representative,LGPK.ITDWDSQR.KVWL
AT1G74380,SWIALNTGSFLLR,FDQK,NCQ,fully_representative,FDQK.SWIALNTGSFLLR.NCQ
AT1G74380,NETVSPLEFVDK,LSPKIKRIR,FDI,N_overhang_shortened,IKRIR.NETVSPLEFVDK.FDI
AT1G74380,HNLVIHGYPDLLFDQK,PLARYQK,SWI,no_overhangs,HNLVIHGYPDLLFDQK
AT1G74380,VWLNQNPEFPSTVNGK,DSQRK,ARILL,no_overhangs,VWLNQNPEFPSTVNGK
AT1G74380,ITILCGFVTILVLR,NNIK,GTI,no_overhangs,ITILCGFVTILVLR
AT1G75110,VADTLSK,LLDR,SEA,fully_representative,LLDR.VADTLSK.SEA
AT1G75110,SGGNHAVSGLK,MVGK,FRVLR,fully_representative,MVGK.SGGNHAVSGLK.FRVLR
AT1G75110,LAEQETENAR,LTEKVR,KQVL,fully_representative,LTEKVR.LAEQETENAR.KQVL
AT1G75110,SDFSIISVK,SSERVKMLK,NAE,N_overhang_shortened,SERVKMLK.SDFSIISVK.NAE
AT1G75110,STSTDGLASCESSER,NEERISK,VKMLK,no_overhangs,STSTDGLASCESSER
AT1G75110,TNPTVVPDESVNPR,GTVKSLR,LAK,no_overhangs,TNPTVVPDESVNPR
AT1G75120,DPDNAIDVVGK,AYYKR,SRRSSD,both_overhangs_shortened,YYKR.DPDNAIDVVGK.SRR
AT1G75120,VASASCESPER,VNFRSSK,VKMFK,both_overhangs_shortened,RSSK.VASASCESPER.VKM
AT1G75120,SNEVAYYK,SFCK,RDPD,fully_representative,SFCK.SNEVAYYK.RDPD
AT1G75120,SSDVSGLK,VVGKSRR,FRVLR,fully_representative,VVGKSRR.SSDVSGLK.FRVLR
AT1G75120,VTDTLSK,LLDR,SGG,fully_representative,LLDR.VTDTLSK.SGG
AT1G75120,AEFAIISEK,SPERVKMFK,NGE,N_overhang_shortened,PERVKMFK.AEFAIISEK.NGE
AT1G77130,HFWEGDEPEIK,NFLK,KMKTSL,C_overhang_shortened,NFLK.HFWEGDEPEIK.KMKTS
AT1G77130,IDLVIAK,GKPR,LPC,fully_representative,GKPR.IDLVIAK.LPC
AT1G77130,DNFYSAGAK,LQAK,KEAY,fully_representative,LQAK.DNFYSAGAK.KEAY
AT1G77130,LWQLTEYSK,NYSKFR,IIF,fully_representative,NYSKFR.LWQLTEYSK.IIF
AT1G77130,LHLQLAAAR,DVAR,VAA,fully_representative,DVAR.LHLQLAAAR.VAA
AT1G77130,SGLVAAGWK,EYHK,IQM,fully_representative,EYHK.SGLVAAGWK.IQM
AT1G77130,LQLPVGSCELSVPLQAK,HQLRQK,DNF,no_overhangs,LQLPVGSCELSVPLQAK
AT1G77130,DLVILVDETISEYHK,GSTR,SGL,no_overhangs,DLVILVDETISEYHK
AT2G03220,LLPEVDTLVER,CTQKEK,SRHVN,both_overhangs_shortened,QKEK.LLPEVDTLVER.SRH
AT2G03220,YYEAYLSHADEK,LVTR,IGI,fully_representative,LVTR.YYEAYLSHADEK.IGI
AT2G03220,TTPDPSCGR,PENR,AMS,fully_representative,PENR.TTPDPSCGR.AMS
AT2G03220,YVVWISFSGLGNR,GECK,ILS,fully_representative,GECK.YVVWISFSGLGNR.ILS
AT2G03220,ATVFHHLGR,FPQK,YLF,fully_representative,FPQK.ATVFHHLGR.YLF
AT2G03220,TGIDTGTLVPHVR,YDCKAK,HCE,N_overhang_shortened,CKAK.TGIDTGTLVPHVR.HCE
AT2G03220,AVLVTSLNAGYAENLK,NTPKHK,SMY,no_overhangs,AVLVTSLNAGYAENLK
AT2G03220,YLFHPTNQVWGLVTR,HLGR,YYE,no_overhangs,YLFHPTNQVWGLVTR
AT2G03220,ILSLASVFLYALLTDR,LGNR,VLL,no_overhangs,ILSLASVFLYALLTDR
AT2G20370,YALLEEGQR,NSWK,EAG,fully_representative,NSWK.YALLEEGQR.EAG
AT2G20370,LLFLPAAK,WGNK,NMS,fully_representative,WGNK.LLFLPAAK.NMS
AT2G20370,DSEVFEWQDR,HPAK,MRNLE,fully_representative,HPAK.DSEVFEWQDR.MRNLE
AT2G20370,LLECDFGESK,NVGK,CHA,fully_representative,NVGK.LLECDFGESK.CHA
AT2G20370,LSEEETDWGNK,WDFRR,LLF,fully_representative,WDFRR.LSEEETDWGNK.LLF
AT2G20370,TEYDYFVEENSWK,IEGR,YAL,fully_representative,IEGR.TEYDYFVEENSWK.YAL
AT2G20370,DAFDVSVQAVIDK,ETQK,VTR,fully_representative,ETQK.DAFDVSVQAVIDK.VTR
AT2G20370,YIYVHNLPSK,CGGK,FNE,fully_representative,CGGK.YIYVHNLPSK.FNE
AT2G25260,IDPIGNSPVIVTK,PISR,NAL,fully_representative,PISR.IDPIGNSPVIVTK.NAL
AT2G25260,YNYIVSDDPPLR,LIIR,QEL,fully_representative,LIIR.YNYIVSDDPPLR.QEL
AT2G25260,NDPQTDK,LAMK,AFG,fully_representative,LAMK.NDPQTDK.AFG
AT2G25260,NLTLPPR,PPPR,GVP,fully_representative,PPPR.NLTLPPR.GVP
AT2G25260,SASSGDDITYTVK,LPGRR,TPS,N_overhang_shortened,PGRR.SASSGDDITYTVK.TPS
AT2G25260,GNLAAAFPFFYIEPK,NLAR,KYES,no_overhangs,GNLAAAFPFFYIEPK
AT2G35610,LLEALYWK,MDTK,GVP,fully_representative,MDTK.LLEALYWK.GVP
AT2G35610,AIFSSFDDVK,DTFK,VIK,fully_representative,DTFK.AIFSSFDDVK.VIK
AT2G35610,SLLLDGK,SIPK,HTI,fully_representative,SIPK.SLLLDGK.HTI
AT2G35610,IWVSPPR,SLGK,DKKMPP,fully_representative,SLGK.IWVSPPR.DKKMPP
AT2G35610,VWDQNGFNEIVR,ADDK,RQLG,fully_representative,ADDK.VWDQNGFNEIVR.RQLG
AT2G35610,YVGIWCCEENK,FSDKEREERFRRRVKR,TPG,N_overhang_shortened,RRRVKR.YVGIWCCEENK.TPG
AT2G35610,SALAIASLLNR,HQMKQIR,TLV,N_overhang_shortened,QMKQIR.SALAIASLLNR.TLV
AT2G35610,FSSIEDAFIGFSDK,DDVKVIK,EREER,no_overhangs,FSSIEDAFIGFSDK
AT2G37090,GLVIVVTPIITK,VTPR,DRYKNVL,C_overhang_shortened,VTPR.GLVIVVTPIITK.DRYK
AT2G37090,LVPPPLLWIVVEK,NTLR,HSD,fully_representative,NTLR.LVPPPLLWIVVEK.HSD
AT2G37090,GLPAQDCSK,DDTKLK,IML,fully_representative,DDTKLK.GLPAQDCSK.IML
AT2G37090,HSDGEEK,VVEK,SSS,fully_representative,VVEK.HSDGEEK.SSS
AT2G37090,TLINSQSQAPAPAESR,LLNR,EAE,no_overhangs,TLINSQSQAPAPAESR
AT2G37090,ASFFSNFETTSYTSTK,PAGK,SPI,no_overhangs,ASFFSNFETTSYTSTK
AT2G38650,SEASYTGVQR,PANKTK,KIVS,fully_representative,PANKTK.SEASYTGVQR.KIVS
AT2G38650,AYYPSIAK,FVAR,MPS,fully_representative,FVAR.AYYPSIAK.MPS
AT2G38650,ALGVSETYQK,DLARWR,YYK,fully_representative,DLARWR.ALGVSETYQK.YYK
AT2G38650,SDSLEDPISEK,EHFK,FSD,fully_representative,EHFK.SDSLEDPISEK.FSD
AT2G38650,IVSGDETWR,GVQRK,TCE,fully_representative,GVQRK.IVSGDETWR.TCE
AT2G38650,VVILDDDVVVQR,LFDKLEK,DLS,N_overhang_shortened,DKLEK.VVILDDDVVVQR.DLS
AT2G38650,DQLFVAR,EPMKDAKVKQMK,AYY,N_overhang_shortened,MKDAKVKQMK.DQLFVAR.AYY
AT2G38650,VSFPSGDLLASQQNR,AEFR,THY,no_overhangs,VSFPSGDLLASQQNR
AT2G38650,THYLSLFSQSHYLLPK,QQNR,LFD,no_overhangs,THYLSLFSQSHYLLPK
AT2G41770,IEAYPFVEEK,TAHRFDR,DLH,fully_representative,TAHRFDR.IEAYPFVEEK.DLH
AT2G41770,TTLEAFDIR,YFTRK,FDE,fully_representative,YFTRK.TTLEAFDIR.FDE
AT2G41770,NSDLYVEEAK,SSQK,LDH,fully_representative,SSQK.NSDLYVEEAK.LDH
AT2G41770,DLHVNVGR,VEEK,LIK,fully_representative,VEEK.DLHVNVGR.LIK
AT2G41770,HFDVELVGLDSK,DLGK,QEP,fully_representative,DLGK.HFDVELVGLDSK.QEP
AT2G41770,WNSIPVVPDK,PQIK,TSP,fully_representative,PQIK.WNSIPVVPDK.TSP
AT2G41770,TSPYANFQTEK,VPDK,WIV,fully_representative,VPDK.TSPYANFQTEK.WIV
AT2G41770,APAVHPWSISSEQDFIK,YSAK,LVQ,no_overhangs,APAVHPWSISSEQDFIK
AT2G41770,GSIFLSLDAQAELGYR,WSLK,VLD,no_overhangs,GSIFLSLDAQAELGYR
AT2G41770,NLDFSTWFSENLSR,SEPK,IAV,no_overhangs,NLDFSTWFSENLSR
AT3G01720,VLAPLWLSK,DDLR,TED,fully_representative,DDLR.VLAPLWLSK.TED
AT3G01720,GPITPWEFK,MILR,AAR,fully_representative,MILR.GPITPWEFK.AAR
AT3G01720,LLSCTDEALK,NITR,NYK,fully_representative,NITR.LLSCTDEALK.NYK
AT3G01720,SGQPGPITR,SFLK,LLS,fully_representative,SFLK.SGQPGPITR.LLS
AT3G01720,VFHYGLEFK,ADYR,VGN,fully_representative,ADYR.VFHYGLEFK.VGN
AT3G01720,LFPEPPYPR,DCNR,EVK,fully_representative,DCNR.LFPEPPYPR.EVK
AT3G01720,DLLSIECGQK,NDLRQR,LNE,fully_representative,NDLRQR.DLLSIECGQK.LNE
AT3G01720,LDHHEDNIVYDCNR,SFTK,LFP,no_overhangs,LDHHEDNIVYDCNR
AT3G03050,ATDLNVLK,PINR,EKFET,fully_representative,PINR.ATDLNVLK.EKFET
AT3G03050,NNAFFASPR,FFSR,MKILQ,fully_representative,FFSR.NNAFFASPR.MKILQ
AT3G03050,LQIPAAVISPYR,PLTRK,LLI,fully_representative,PLTRK.LQIPAAVISPYR.LLI
AT3G03050,NTDLADFADNNK,EPYR,QQR,fully_representative,EPYR.NTDLADFADNNK.QQR
AT3G03050,GSSCAVPGCDVK,AGAK,VMS,fully_representative,AGAK.GSSCAVPGCDVK.VMS
AT3G03050,TIYSVIPQWSK,GFSR,LIG,fully_representative,GFSR.TIYSVIPQWSK.LIG
AT3G03050,SNLSTNSDAAEAER,MNSR,HQQ,no_overhangs,SNLSTNSDAAEAER
AT3G03050,VVAGIEISFTLTSK,GLLK,SGG,no_overhangs,VVAGIEISFTLTSK
AT3G07330,GNEELALVQTR,PHFK,WAF,fully_representative,PHFK.GNEELALVQTR.WAF
AT3G07330,ALEDCGGWLER,GVWRIK,TTV,fully_representative,GVWRIK.ALEDCGGWLER.TTV
AT3G07330,LVGEGVR,YPTK,LED,fully_representative,YPTK.LVGEGVR.LED
AT3G07330,LCFFDILR,QLFR,SKVSA,fully_representative,QLFR.LCFFDILR.SKVSA
AT3G07330,SSSDSGLTELSK,TIQR,LGA,fully_representative,TIQR.SSSDSGLTELSK.LGA
AT3G07330,IANDNPPSVSSSAR,TANRR,LYR,no_overhangs,IANDNPPSVSSSAR
AT3G08550,GGGLADPASASVR,LQWR,SST,fully_representative,LQWR.GGGLADPASASVR.SST
AT3G08550,STASESLPSK,NSSR,ESK,fully_representative,NSSR.STASESLPSK.ESK
AT3G08550,VLESIPGVK,SISK,VIY,fully_representative,SISK.VLESIPGVK.VIY
AT3G08550,AATPSISK,VEGK,VLE,fully_representative,VEGK.AATPSISK.VLE
AT3G08550,NNPNYFLTYGNGK,EATR,SVA,fully_representative,EATR.NNPNYFLTYGNGK.SVA
AT3G08550,LEEAAVLHYTYSK,NEIK,FSD,fully_representative,NEIK.LEEAAVLHYTYSK.FSD
AT3G08550,SSSPSFPYYADWK,NLAR,FGV,fully_representative,NLAR.SSSPSFPYYADWK.FGV
AT3G08550,SHQSSSDCSNLAR,VSPK,SSS,fully_representative,VSPK.SHQSSSDCSNLAR.SSS
AT3G08550,VLGVSTFFLFVEGK,FYHK,AAT,no_overhangs,VLGVSTFFLFVEGK
AT3G18660,VVVLNLDYADK,DEEK,NVT,fully_representative,DEEK.VVVLNLDYADK.NVT
AT3G18660,GHVFFVSR,GFFR,CFP,fully_representative,GFFR.GHVFFVSR.CFP
AT3G18660,CFPIPNLFR,FVSR,CKDLV,fully_representative,FVSR.CFPIPNLFR.CKDLV
AT3G18660,IIFIDADLLILR,DYDK,NID,fully_representative,DYDK.IIFIDADLLILR.NID
AT3G18660,SGLEAAGWQIR,GYHR,TIQ,fully_representative,GYHR.SGLEAAGWQIR.TIQ
AT3G18660,TLENIEEGR,DVTK,TIG,fully_representative,DVTK.TLENIEEGR.TIG
AT3G18660,YFSDLDINWDDVTK,QDPR,TLE,no_overhangs,YFSDLDINWDDVTK
AT3G18660,TIGVLNFDSNEIQR,EEGR,WREVS,no_overhangs,TIGVLNFDSNEIQR
AT3G18660,DLVILVDDNISGYHR,GSTR,SGL,no_overhangs,DLVILVDDNISGYHR
AT3G28180,GNPELGLVQAR,PHFK,WSF,fully_representative,PHFK.GNPELGLVQAR.WSF
AT3G28180,NINEEEDPK,FSAK,SRGKQMY,fully_representative,FSAK.NINEEEDPK.SRGKQMY
AT3G28180,SDYIAPLVISLSR,LSFR,FCT,fully_representative,LSFR.SDYIAPLVISLSR.FCT
AT3G28180,FCTVLFLIQSLDR,SLSR,LVL,fully_representative,SLSR.FCTVLFLIQSLDR.LVL
AT3G28180,ANLIFLFFLLR,SVWKK,KLIL,fully_representative,SVWKK.ANLIFLFFLLR.KLIL
AT3G28180,LCLPSIIK,QLFR,SKISV,fully_representative,QLFR.LCLPSIIK.SKISV
AT3G50220,AHEAGELVTAAK,YTTK,EAA,fully_representative,YTTK.AHEAGELVTAAK.EAA
AT3G50220,TVFIEENR,HNGR,YYA,fully_representative,HNGR.TVFIEENR.YYA
AT3G50220,LILLHPYIQK,TNTK,QTS,fully_representative,TNTK.LILLHPYIQK.QTS
AT3G50220,GDAHEGPGR,DGPR,MSS,fully_representative,DGPR.GDAHEGPGR.MSS
AT3G50220,THVFVHDYYR,GTPK,DVE,fully_representative,GTPK.THVFVHDYYR.DVE
AT3G50220,LCGDEFLCR,DVER,ENL,fully_representative,DVER.LCGDEFLCR.ENL
AT3G50220,CAPPCNLLVFGLTHETLLWK,DVLRR,SLN,no_overhangs,CAPPCNLLVFGLTHETLLWK
AT3G50220,ENLVESNDLLAHYVLDK,FLCR,MDK,no_overhangs,ENLVESNDLLAHYVLDK
AT3G55990,DVAEPVQEEVSK,DSVK,TEE,fully_representative,DSVK.DVAEPVQEEVSK.TEE
AT3G55990,NADSVQDSVK,ESIK,DVA,fully_representative,ESIK.NADSVQDSVK.DVA
AT3G55990,SLDWENPDGIK,LHIK,CAL,fully_representative,LHIK.SLDWENPDGIK.CAL
AT3G55990,NSDPIQESIK,ESIK,NAD,fully_representative,ESIK.NSDPIQESIK.NAD
AT3G55990,TGSLSVFR,SLNK,VED,fully_representative,SLNK.TGSLSVFR.VED
AT3G55990,TWGDWVER,VAYRRVMR,NID,fully_representative,VAYRRVMR.TWGDWVER.NID
AT3G57420,TVVILSSR,LYGRIFK,KNSD,fully_representative,LYGRIFK.TVVILSSR.KNSD
AT3G57420,HFDVELVGEDAR,DLGK,QEP,fully_representative,DLGK.HFDVELVGEDAR.QEP
AT3G57420,DLHINVGR,SDEK,LIK,fully_representative,SDEK.DLHINVGR.LIK
AT3G57420,VEAYPFSDEK,TVHRYDR,DLH,fully_representative,TVHRYDR.VEAYPFSDEK.DLH
AT3G57420,TSPYASFR,VSDK,TEK,fully_representative,VSDK.TSPYASFR.TEK
AT3G57420,GWQVLAIGNSLTPK,GLVKIK,DWN,no_overhangs,GWQVLAIGNSLTPK
AT3G57420,GAIFLSLDAQAELNYR,WNLK,ILD,no_overhangs,GAIFLSLDAQAELNYR
AT3G57420,LLWELGGYVAVYPPTVHR,WGQR,YDR,no_overhangs,LLWELGGYVAVYPPTVHR
AT3G57420,ILDFSSWVSDNVYR,AEPK,IVI,no_overhangs,ILDFSSWVSDNVYR
AT3G57630,GFSEAEIQFR,NTLR,LGN,fully_representative,NTLR.GFSEAEIQFR.LGN
AT3G57630,LAEEFGSSPNK,MGIRQK,EGK,fully_representative,MGIRQK.LAEEFGSSPNK.EGK
AT3G57630,DSILLEAER,FLFR,QKATY,fully_representative,FLFR.DSILLEAER.QKATY
AT3G57630,YDCLWGR,CDCK,FCE,fully_representative,CDCK.YDCLWGR.FCE
AT3G57630,WVVSICSR,PYGK,HCD,fully_representative,PYGK.WVVSICSR.HCD
AT3G57630,GGFCQCDK,GHGKCR,GWF,fully_representative,GHGKCR.GGFCQCDK.GWF
AT3G57630,VNEDDIPNLINTLR,FAVR,GFS,no_overhangs,VNEDDIPNLINTLR
AT3G57630,ATYGHEEDWAVQFSK,EAERQK,LKHDD,no_overhangs,ATYGHEEDWAVQFSK
AT3G57630,HDDIFATIIQTLHFK,QFSKLK,LHN,no_overhangs,HDDIFATIIQTLHFK
AT3G57630,AEIGQWLSSCDAVAK,ASWK,EVD,no_overhangs,AEIGQWLSSCDAVAK
AT3G61130,VLGEATSDADLPR,DSQR,SAH,fully_representative,DSQR.VLGEATSDADLPR.SAH
AT3G61130,SVDSAVLGK,AIERSK,YSI,fully_representative,AIERSK.SVDSAVLGK.YSI
AT3G61130,ATIHVENVDEFK,PPGK,WLN,fully_representative,PPGK.ATIHVENVDEFK.WLN
AT3G61130,DLTPLWEVNLNGK,IVQK,VNG,fully_representative,IVQK.DLTPLWEVNLNGK.VNG
AT3G61130,WLNSSYCPVLR,DEFK,QLE,fully_representative,DEFK.WLNSSYCPVLR.QLE
AT3G61130,HSENPATPDVK,PSFR,SNN,fully_representative,PSFR.HSENPATPDVK.SNN
AT3G61130,ILFLDDDIIVQK,VYPKLNK,DLT,N_overhang_shortened,PKLNK.ILFLDDDIIVQK.DLT
AT3G62720,LFVDEGDEEK,DINK,SRDRTNK,C_overhang_shortened,DINK.LFVDEGDEEK.SRDRTN
AT3G62720,DEFGLLHPPFK,LDAK,AAK,fully_representative,LDAK.DEFGLLHPPFK.AAK
AT3G62720,VLVEVSSK,EPHR,TTS,fully_representative,EPHR.VLVEVSSK.TTS
AT3G62720,EHFFYTR,EEIR,KRGEP,fully_representative,EEIR.EHFFYTR.KRGEP
AT3G62720,GTIGAGK,IVLR,FGT,fully_representative,IVLR.GTIGAGK.FGT
AT3G62720,VTILCLVLTVIVLR,GAHRFRRLQRFMRQGK,GTI,no_overhangs,VTILCLVLTVIVLR
AT4G02500,DELGLLHPAFK,LEMK,AVK,fully_representative,LEMK.DELGLLHPAFK.AVK
AT4G02500,FGTPEQDLDEIR,GAGK,QHF,fully_representative,GAGK.FGTPEQDLDEIR.QHF
AT4G02500,STIGAGK,VVLR,FGT,fully_representative,VVLR.STIGAGK.FGT
AT4G02500,NPSFPNFIGPNKPR,WLAK,VLL,no_overhangs,NPSFPNFIGPNKPR
AT4G02500,AFNFGDNQILQIYGFTHK,QMDR,SLA,no_overhangs,AFNFGDNQILQIYGFTHK
AT4G02500,VTILCLLLTVVVLR,GAYRCRRIQRALRQLK,STI,no_overhangs,VTILCLLLTVVVLR
AT4G09990,ASFSSNSTATIR,LFLKR,DEY,fully_representative,LFLKR.ASFSSNSTATIR.DEY
AT4G09990,CPSTPQQCTK,YHQKSK,LPT,fully_representative,YHQKSK.CPSTPQQCTK.LPT
AT4G09990,HFNIPSHR,QQGRLR,ASF,fully_representative,QQGRLR.HFNIPSHR.ASF
AT4G09990,ASFGTPFCPADISR,PSHR,RF,no_overhangs,ASFGTPFCPADISR
AT4G09990,TLFLEEDEAWIETVTK,HGGR,KFPN,no_overhangs,TLFLEEDEAWIETVTK
AT4G09990,LIFICCSILVLFILFLK,ISSK,RASF,no_overhangs,LIFICCSILVLFILFLK
AT4G16120,EIIDNEFLPR,YDNR,KDGD,fully_representative,YDNR.EIIDNEFLPR.KDGD
AT4G16120,FESVITVLNHGR,QPYR,DEL,fully_representative,QPYR.FESVITVLNHGR.DEL
AT4G16120,NAAPGFEK,VQMK,AYS,fully_representative,VQMK.NAAPGFEK.AYS
AT4G16120,DGENPLK,VAER,NPR,fully_representative,VAER.DGENPLK.NPR
AT4G16120,NITLATDGWK,PLPK,CPK,fully_representative,PLPK.NITLATDGWK.CPK
AT4G16120,INGTLNPDYK,QNWR,CGP,fully_representative,QNWR.INGTLNPDYK.CGP
AT4G16120,VELVGTQFGVAPPNVPLPK,MQAR,NIT,no_overhangs,VELVGTQFGVAPPNVPLPK
AT4G16120,HYQDLDFSNVLSCAR,PQAK,RPTV,no_overhangs,HYQDLDFSNVLSCAR
AT4G16120,VSPSQFVDPSGLPSNR,PPVR,TAF,no_overhangs,VSPSQFVDPSGLPSNR
AT4G16120,AYSFNASTIGINGK,GFEK,NNT,no_overhangs,AYSFNASTIGINGK
AT4G32410,APEFYFAQK,IEPR,IDY,fully_representative,IEPR.APEFYFAQK.IDY
AT4G32410,NAISSPYIDPR,PSDR,QPV,fully_representative,PSDR.NAISSPYIDPR.QPV
AT4G32410,VVPIPSSR,PMSR,LTP,fully_representative,PMSR.VVPIPSSR.LTP
AT4G32410,TTSGPLGPSDR,QSVR,NAI,fully_representative,QSVR.TTSGPLGPSDR.NAI
AT4G32410,LIILCFFLQYR,IILR,TTH,fully_representative,IILR.LIILCFFLQYR.TTH
AT4G32410,WSGVSIEDWWR,LELR,NEQ,fully_representative,LELR.WSGVSIEDWWR.NEQ
AT4G32410,ATDEDGDFAELYIFK,VTSK,WTA,no_overhangs,ATDEDGDFAELYIFK
AT4G33330,YGETVHIHFER,TNWKR,VSK,fully_representative,TNWKR.YGETVHIHFER.VSK
AT4G33330,DSYNEYNYSK,LAEK,FRLWQ,fully_representative,LAEK.DSYNEYNYSK.FRLWQ
AT4G33330,VIFIDADIIVLR,DYDK,NLD,fully_representative,DYDK.VIFIDADIIVLR.NLD
AT4G33330,LDLVVVK,SLEK,LPC,fully_representative,SLEK.LDLVVVK.LPC
AT4G33330,NFWSNTTK,NFLK,ERNIK,fully_representative,NFLK.NFWSNTTK.ERNIK
AT4G33330,CLAFDEK,QLEK,GIK,fully_representative,QLEK.CLAFDEK.GIK
AT4G33330,DLILLHDDSISITK,TNTKR,LRALA,no_overhangs,DLILLHDDSISITK
AT4G36890,TIHVGIDQR,SGLR,MPN,fully_representative,SGLR.TIHVGIDQR.MPN
AT4G36890,LEWSGFVLNSR,LPQK,LLW,fully_representative,LPQK.LEWSGFVLNSR.LLW
AT4G36890,HLDVHTIGR,LPVK,TLD,fully_representative,LPVK.HLDVHTIGR.TLD
AT4G36890,AHQIIGR,EVMK,VQK,fully_representative,EVMK.AHQIIGR.VQK
AT4G36890,SAVYIDDVAAVLPQK,YAGK,LEW,no_overhangs,SAVYIDDVAAVLPQK
AT4G36890,DFGSLNENEGVESPLSLLK,EWVK,DPS,no_overhangs,DFGSLNENEGVESPLSLLK
AT4G36890,SPTSLDSSVDGSGK,NSFR,SLI,no_overhangs,SPTSLDSSVDGSGK
AT5G05170,APEWYFAAK,IEPR,IDY,fully_representative,IEPR.APEWYFAAK.IDY
AT5G05170,LSVSSTIAGGK,SPER,RLPY,fully_representative,SPER.LSVSSTIAGGK.RLPY
AT5G05170,WALGSVEILFSR,QVLR,HCP,fully_representative,QVLR.WALGSVEILFSR.HCP
AT5G05170,WSGVGIDEWWR,LEMR,NEQ,fully_representative,LEMR.WSGVGIDEWWR.NEQ
AT5G05170,LVILCLFLHYR,IMLR,ITN,fully_representative,IMLR.LVILCLFLHYR.ITN
AT5G05170,IDPFTSR,LWVR,VTG,fully_representative,LWVR.IDPFTSR.VTG
AT5G05170,ASDEDGDFAELYLFK,VTSK,WTT,no_overhangs,ASDEDGDFAELYLFK
AT5G13500,YENIVR,TPEK,KYYP,fully_representative,TPEK.YENIVR.KYYP
AT5G13500,NDPETDK,LTMK,AFG,fully_representative,LTMK.NDPETDK.AFG
AT5G13500,GELTYGK,YNMK,IGE,fully_representative,YNMK.GELTYGK.IGE
AT5G13500,ALPGSDMGGFTR,YWYKQKK,ILH,N_overhang_shortened,YKQKK.ALPGSDMGGFTR.ILH
AT5G13500,SSPAPFHVALTATDAPYNK,LNIRKAK,WQC,no_overhangs,SSPAPFHVALTATDAPYNK
AT5G13500,NMSLPPPGVPESVVTLVK,PPPR,MVN,no_overhangs,NMSLPPPGVPESVVTLVK
AT5G16910,ATDLQVLK,PINR,EKFET,fully_representative,PINR.ATDLQVLK.EKFET
AT5G16910,NNALLASSK,FFSR,MKILQ,fully_representative,FFSR.NNALLASSK.MKILQ
AT5G16910,TGGGICPGCK,DAVK,EPY,fully_representative,DAVK.TGGGICPGCK.EPY
AT5G16910,TIYSVVPQWSK,GFSR,LIG,fully_representative,GFSR.TIYSVVPQWSK.LIG
AT5G16910,GSSCAIPGCDAK,AGSK,VMS,fully_representative,AGSK.GSSCAIPGCDAK.VMS
AT5G16910,DGDFGSGK,FWTK,DGD,fully_representative,FWTK.DGDFGSGK.DGD
AT5G16910,FETPTASNPTGK,QVLKEK,SDL,N_overhang_shortened,VLKEK.FETPTASNPTGK.SDL
AT5G16910,SDLPGFDVFVSTADPEK,PTGK,EPP,no_overhangs,SDLPGFDVFVSTADPEK
AT5G16910,WLFETTGTYGYGNAFWTK,DHNR,DGD,no_overhangs,WLFETTGTYGYGNAFWTK
AT5G16910,VVAGVEISFTLTSK,GLLK,SGG,no_overhangs,VVAGVEISFTLTSK
AT5G25265,SYDSKPPPR,GEWRFDKR,NLT,fully_representative,GEWRFDKR.SYDSKPPPR.NLT
AT5G25265,SSSSDISIDPVIELPR,FPGR,GGG,no_overhangs,SSSSDISIDPVIELPR
AT5G25265,DGLGAAFPFFYIEPK,NLAK,KYEK,no_overhangs,DGLGAAFPFFYIEPK
AT5G25265,GPVTNIDPIGNSPVIVGK,PEVR,DAL,no_overhangs,GPVTNIDPIGNSPVIVGK
AT5G25265,LFHTAVTASDSVYNTWQCR,NDGKRIR,VMY,no_overhangs,LFHTAVTASDSVYNTWQCR
AT5G60920,FVTTDTR,RPTK,RTTQ,fully_representative,RPTK.FVTTDTR.RTTQ
AT5G60920,GTVLPPLVQCTR,PPTKK,HMC,fully_representative,PPTKK.GTVLPPLVQCTR.HMC
AT5G60920,ITITNFNYR,EYWRVK,LNY,fully_representative,EYWRVK.ITITNFNYR.LNY
AT5G60920,DQSTFTFEK,ILFRK,GWA,fully_representative,ILFRK.DQSTFTFEK.GWA
AT5G60920,HIQSPGWTLGWK,NFQKYR,WAK,N_overhang_shortened,FQKYR.HIQSPGWTLGWK.WAK
AT5G61840,FLLSSPVR,YMQR,TLN,fully_representative,YMQR.FLLSSPVR.TLN
AT5G61840,VFVYELPSK,PVGRLK,YNK,fully_representative,PVGRLK.VFVYELPSK.YNK
AT5G61840,ATLVQTFGQR,LLQR,NHV,fully_representative,LLQR.ATLVQTFGQR.NHV
AT5G61840,GILPLLQR,AIGR,ATL,fully_representative,AIGR.GILPLLQR.ATL
AT5G61840,AAVWENFK,YYARGAR,DNP,fully_representative,YYARGAR.AAVWENFK.DNP
AT5G61840,ISGSAGDVLEDDPVGR,PTER,LKVFV,no_overhangs,ISGSAGDVLEDDPVGR
AT5G61840,GLFYDVGNDPEGGYYAR,VYFR,GAR,no_overhangs,GLFYDVGNDPEGGYYAR
AT5G61840,SAIQLIASNWPYWNR,LPFKSPRMMR,TEG,no_overhangs,SAIQLIASNWPYWNR
AT5G61840,AIFCLCPLGWAPWSPR,DMQR,LVE,no_overhangs,AIFCLCPLGWAPWSPR
AT5G61840,DVPYLDTILTSIPPEVILR,VDEK,KQRLLA,no_overhangs,DVPYLDTILTSIPPEVILR
AT5G64740,NEFVLINADENAR,SHNR,IRSVQ,C_overhang_shortened,SHNR.NEFVLINADENAR.IRS
AT5G64740,NASPACLLK,GMAR,EAI,fully_representative,GMAR.NASPACLLK.EAI
AT5G64740,HALIVPPSLGGHGNR,SSDR,VHP,no_overhangs,HALIVPPSLGGHGNR
AT5G64740,VLAGVDTNFTVTSK,GLLK,AAD,no_overhangs,VLAGVDTNFTVTSK
AT5G64740,AADDGEFSDLYLFK,VTSK,WTS,no_overhangs,AADDGEFSDLYLFK
AT5G64740,SVQELSGQTCQICR,ENARIR,DEI,no_overhangs,SVQELSGQTCQICR
AT5G64740,LFFALWVIIHLYPFLK,LFGR,GLL,no_overhangs,LFFALWVIIHLYPFLK
AT5G67210,NSTQFCR,VLEKMDK,GRKKKRSVS,both_overhangs_shortened,KMDK.NSTQFCR.GRK
AT5G67210,TVFIEENR,HNGR,YYA,fully_representative,HNGR.TVFIEENR.YYA
AT5G67210,LILVHPYIQK,TNTK,QTS,fully_representative,TNTK.LILVHPYIQK.QTS
AT5G67210,GDGGDVPGR,DGPR,MSS,fully_representative,DGPR.GDGGDVPGR.MSS
AT5G67210,THVFVHDYYR,GNPK,DVE,fully_representative,GNPK.THVFVHDYYR.DVE
AT5G67210,LCGDEFLCR,DVER,ENL,fully_representative,DVER.LCGDEFLCR.ENL
AT5G67210,CSPPCNLLVFGLTHETLLWK,DVLRR,SLN,no_overhangs,CSPPCNLLVFGLTHETLLWK
AT5G67210,ENLVESNDLLAHYVLEK,FLCR,MDK,no_overhangs,ENLVESNDLLAHYVLEK
AT5G67230,SSPSLDPSFDGK,SSFR,SPS,fully_representative,SSFR.SSPSLDPSFDGK.SPS
AT5G67230,FPPGWIIK,ADSK,SPL,fully_representative,ADSK.FPPGWIIK.SPL
AT5G67230,AHQLLVR,EVLR,VQK,fully_representative,EVLR.AHQLLVR.VQK
AT5G67230,TIHLGFDQK,SGLK,MPN,fully_representative,SGLK.TIHLGFDQK.MPN
AT5G67230,VLLWWLR,SCGRR,VEA,fully_representative,SCGRR.VLLWWLR.VEA
AT5G67230,TVIVVTPTYVR,YGVRSPR,TFQ,N_overhang_shortened,GVRSPR.TVIVVTPTYVR.TFQ
AT5G67230,IRPWPHPNPIEVLR,HGIR,AHQ,no_overhangs,IRPWPHPNPIEVLR
AT1G30000,GDSYYEYLIK,LGSR,VWL,fully_representative,LGSR.GDSYYEYLIK.VWL
AT1G30000,GLVFVGELPYGSK,SIPK,GEF,fully_representative,SIPK.GLVFVGELPYGSK.GEF
AT1G30000,GQVNLFETTIR,ISQK,VLG,fully_representative,ISQK.GQVNLFETTIR.VLG
AT1G30000,SPNESGLNEK,LMSK,GKVTF,fully_representative,LMSK.SPNESGLNEK.GKVTF
AT1G30000,HLLVQNSIPK,EAMKGVR,GLV,fully_representative,EAMKGVR.HLLVQNSIPK.GLV
AT1G30000,VFSQSLLTLSTK,SPLK,RNYA,fully_representative,SPLK.VFSQSLLTLSTK.RNYA
AT1G51590,GLLSLVK,MWEKSMK,KSTP,fully_representative,MWEKSMK.GLLSLVK.KSTP
AT1G51590,VESGYVGLK,AFEKNSR,DVN,fully_representative,AFEKNSR.VESGYVGLK.DVN
AT1G51590,LNEEVSR,EVFK,LEQ,fully_representative,EVFK.LNEEVSR.LEQ
AT1G51590,VITELNK,YQQKVEK,NFP,fully_representative,YQQKVEK.VITELNK.NFP
AT1G51590,VWVQGNK,YLLK,TSA,fully_representative,YLLK.VWVQGNK.TSA
AT1G51590,NGNNLIDK,ICEK,MDE,fully_representative,ICEK.NGNNLIDK.MDE
AT1G51590,DVNTGAK,VGLK,DNK,fully_representative,VGLK.DVNTGAK.DNK
AT1G51590,TYQEWGWNIFQAFEK,TGNK,NSR,no_overhangs,TYQEWGWNIFQAFEK
AT1G51630,VTTYFPSVNLR,GNIR,KSSQ,fully_representative,GNIR.VTTYFPSVNLR.KSSQ
AT1G51630,VAVEDGLVR,HGSK,AFE,fully_representative,HGSK.VAVEDGLVR.AFE
AT1G51630,FEDIYDVDK,DEMK,LIK,fully_representative,DEMK.FEDIYDVDK.LIK
AT1G51630,WESSLNILK,TQPR,DIF,fully_representative,TQPR.WESSLNILK.DIF
AT1G51630,DYFDAVQEK,MLHR,VQG,fully_representative,MLHR.DYFDAVQEK.VQG
AT1G51630,LGFDSDTTIYLTQPR,LFLRK,WES,no_overhangs,LGFDSDTTIYLTQPR
AT1G51630,VQGDAHDIEFHGSK,VQEK,VAV,no_overhangs,VQGDAHDIEFHGSK
AT2G05320,TSFPGVTLNDCK,HIYR,NKGDE,C_overhang_shortened,HIYR.TSFPGVTLNDCK.NKGD
AT2G05320,GEGLESLVAER,SDVKSR,MGN,fully_representative,SDVKSR.GEGLESLVAER.MGN
AT2G05320,NTDLFPDLAK,FSPR,DRVVI,fully_representative,FSPR.NTDLFPDLAK.DRVVI
AT2G05320,VTVESLSK,QYFR,VKGIS,fully_representative,QYFR.VTVESLSK.VKGIS
AT2G05320,LNASLLSVAR,LEAK,GNR,fully_representative,LEAK.LNASLLSVAR.GNR
AT2G05320,VVIVLYVHNR,DLAKDR,AQY,fully_representative,DLAKDR.VVIVLYVHNR.AQY
AT2G05320,GDEGDCIDNGVVNIEVK,HQGR,ETD,no_overhangs,GDEGDCIDNGVVNIEVK
AT3G21160,DVQEDPVDAQR,NSLK,MQR,fully_representative,NSLK.DVQEDPVDAQR.MQR
AT3G21160,SVTEDVSVNSLK,EEIK,DVQ,fully_representative,EEIK.SVTEDVSVNSLK.DVQ
AT3G21160,YFNPAFYLR,GIWK,RPR,fully_representative,GIWK.YFNPAFYLR.RPR
AT3G21160,DYQFEVSK,SLSR,LNE,fully_representative,SLSR.DYQFEVSK.LNE
AT3G21160,IESGYVGLK,AFEKNSR,DVN,fully_representative,AFEKNSR.IESGYVGLK.DVN
AT3G21160,YAWGQDELQPQTK,SYEK,DGV,fully_representative,SYEK.YAWGQDELQPQTK.DGV
AT3G21160,TYQEWGWNIFEAFEK,TGNK,NSR,no_overhangs,TYQEWGWNIFEAFEK
AT3G21190,VASYFPSVNLR,GNIR,KSSQ,fully_representative,GNIR.VASYFPSVNLR.KSSQ
AT3G21190,NFEDIYDADK,GDER,LIK,fully_representative,GDER.NFEDIYDADK.LIK
AT3G21190,DGLVGTVEGSK,VSVK,GLW,fully_representative,VSVK.DGLVGTVEGSK.GLW
AT3G21190,DYFDSLQEK,MLHR,AQG,fully_representative,MLHR.DYFDSLQEK.AQG
AT3G21190,FIAVDLR,SGGR,IDI,fully_representative,SGGR.FIAVDLR.IDI
AT3G21190,WDSSLNILK,TQPR,DIF,fully_representative,TQPR.WDSSLNILK.DIF
AT3G21190,AQGDAQDIEFEGSK,LQEK,VSV,no_overhangs,AQGDAQDIEFEGSK
AT4G38240,GLIDEVSIK,SQMR,QSR,fully_representative,SQMR.GLIDEVSIK.QSR
AT4G38240,DLIQTFEK,VQLK,KGIA,fully_representative,VQLK.DLIQTFEK.KGIA
AT4G38240,LNDVTVDWK,EPIK,AKDLG,fully_representative,EPIK.LNDVTVDWK.AKDLG
AT4G38240,STWDELSPK,WMLKR,WPK,fully_representative,WMLKR.STWDELSPK.WPK
AT4G38240,LFQTQSQYADR,IQMR,LSS,fully_representative,IQMR.LFQTQSQYADR.LSS
AT4G38240,SVLTYQTPVASK,YLERTVK,YPL,N_overhang_shortened,ERTVK.SVLTYQTPVASK.YPL
AT4G38240,YPLFISQDGSDQAVK,VASK,SKSLS,no_overhangs,YPLFISQDGSDQAVK
AT5G03760,VHVIYSFFVVR,TLWKK,KLVA,fully_representative,TLWKK.VHVIYSFFVVR.KLVA
AT5G03760,LALVQAR,HNPK,WKFVN,fully_representative,HNPK.LALVQAR.WKFVN
AT5G03760,FLYLGSLK,ASLKGWK,VKNEL,fully_representative,ASLKGWK.FLYLGSLK.VKNEL
AT5G14950,TNTLLIPLGDDFR,TLYR,YIS,fully_representative,TLYR.TNTLLIPLGDDFR.YIS
AT5G14950,FGTLEDYFR,AEAK,TVR,fully_representative,AEAK.FGTLEDYFR.TVR
AT5G14950,DYVVQDYGTR,GTAK,MHT,fully_representative,GTAK.DYVVQDYGTR.MHT
AT5G14950,TYFIANGNVECEK,LGLR,ATP,fully_representative,LGLR.TYFIANGNVECEK.ATP
AT5G14950,YISIDEAEAQFR,DDFR,NYQ,fully_representative,DDFR.YISIDEAEAQFR.NYQ
AT5G14950,LTVEEYYQR,PGWK,QSR,fully_representative,PGWK.LTVEEYYQR.QSR
AT5G22740,FVNSDECLLTR,VQARWR,MQE,fully_representative,VQARWR.FVNSDECLLTR.MQE
AT5G22740,ATLIGLFEAGR,SLHRTK,ANE,fully_representative,SLHRTK.ATLIGLFEAGR.ANE
AT5G22740,FLYLGDLQVK,ASLRGWK,SEL,fully_representative,ASLRGWK.FLYLGDLQVK.SEL
AT5G22740,SELPSTFR,LQVK,AFR,fully_representative,LQVK.SELPSTFR.AFR
AT5G22740,ANEWVVTAK,EAGR,LGS,fully_representative,EAGR.ANEWVVTAK.LGS
AT5G22740,LVIQVLDDSTDPTVK,PSDR,QMV,no_overhangs,LVIQVLDDSTDPTVK
AT5G55500,DLVASIR,HTMR,AVD,fully_representative,HTMR.DLVASIR.AVD
AT5G55500,AEPTAVIEK,ANSR,LTE,fully_representative,ANSR.AEPTAVIEK.LTE
AT5G55500,AAFGLPVNR,EMIR,HRSLE,fully_representative,EMIR.AAFGLPVNR.HRSLE
AT5G55500,GLSGEIDCK,ALFK,GDS,fully_representative,ALFK.GLSGEIDCK.GDS
AT5G55500,IGGGGEGSWFR,LKPR,CFY,fully_representative,LKPR.IGGGGEGSWFR.CFY
AT5G55500,HAILSPLGYETALFK,VCFR,GLS,no_overhangs,HAILSPLGYETALFK
