"","Protein","Peptide","CONS","G2","SPC","MRMAid","N.Terminal","C.Terminal","AA_before_20","N_overhang","C_overhang","AA_after_20","spikeTide","length","spikeTide_length","spikeTideResult","selected","quantifiable","proteotypic","position","check","to_order"
"1","AT1G09610","VNQADNLIEVGK",4,NA,NA,NA,0.44,0.65,"KQIKRRFPMLESYHVTYDSK","YDSK","GPE","GPECTAIGDPRYSMCQLALKG","YDSK.VNQADNLIEVGK.GPE",12,19,"fully_representative",TRUE,"quantifiable",TRUE,148,TRUE,"YDSKVNQADNLIEVGKGPE"
"2","AT1G09610","TVFLEEDEAWIK",3,NA,NA,NA,0.42,0.49,"LVFGLGHDSLMWSSLNYGGR","YGGR","QIK","QIKRRFPMLESYHVTYDSKVN","YGGR.TVFLEEDEAWIK.QIK",12,19,"fully_representative",TRUE,"quantifiable",TRUE,117,TRUE,"YGGRTVFLEEDEAWIKQIK"
"3","AT1G09610","GPECTAIGDPR",3,NA,NA,NA,0.65,0.41,"YHVTYDSKVNQADNLIEVGK","EVGK","YSM","YSMCQLALKGLPAEIYETGWD","EVGK.GPECTAIGDPR.YSM",11,18,"fully_representative",TRUE,"quantifiable",TRUE,160,TRUE,"EVGKGPECTAIGDPRYSM"
"4","AT1G09610","HFIIPSYR",1,NA,NA,NA,0.64,0.5,"KFSKAFLCEGYMKKQEGRLR","QEGRLR","DGS","DGSESESNRPFCP","QEGRLR.HFIIPSYR.DGS",8,17,"fully_representative",TRUE,"quantifiable",TRUE,262,TRUE,"QEGRLRHFIIPSYRDGS"
"5","AT1G09610","CSGACNK",0,NA,NA,NA,0.52,0.58,"RSTLTSSQEHQTPQETRSTR","QETRSTR","LPR","LPRSLAQALIHYSTSVITPQQ","QETRSTR.CSGACNK.LPR",7,17,"fully_representative",FALSE,"quantifiable",TRUE,49,TRUE,"QETRSTRCSGACNKLPR"
"6","AT1G09610","SLAQALIHYSTSVITPQQTLK",4,NA,NA,NA,0.59,0.46,"QTPQETRSTRCSGACNKLPR","ACNKLPR","EIA","EIAVSSRVLGKKSPCNFLVFG","SLAQALIHYSTSVITPQQTLK",21,21,"no_overhangs",TRUE,"too_long",TRUE,59,TRUE,"SLAQALIHYSTSVITPQQTLK"
"7","AT1G09610","STLTSSQEHQTPQETR",3,NA,NA,NA,0.43,0.48,"KLKVLLVFLLATLILIFIVR","FIVR","STR","STRCSGACNKLPRSLAQALIH","STLTSSQEHQTPQETR",16,16,"no_overhangs",TRUE,"quantifiable",TRUE,30,TRUE,"STLTSSQEHQTPQETR"
"8","AT1G19360","LAEQGSDNAR",0,NA,20,NA,0.71,0.61,"LSEKNAELKKQVRELTEKLR","LTEKLR","KQVL","KQVLALGTQIKAGPFGTVKSL","LTEKLR.LAEQGSDNAR.KQVL",10,20,"fully_representative",TRUE,"quantifiable",TRUE,99,TRUE,"LTEKLRLAEQGSDNARKQVL"
"9","AT1G19360","ILEEIAVDK",1,NA,13,NA,0.42,0.71,"SLRTNPTILPDESINPRLAK","INPRLAK","EVI","EVIVALANANVKAMLEVQIAS","INPRLAK.ILEEIAVDK.EVI",9,19,"fully_representative",TRUE,"quantifiable",TRUE,148,TRUE,"INPRLAKILEEIAVDKEVI"
"10","AT1G19360","TGGNHAVSGLK",2,NA,8,NA,0.39,0.44,"ENDVAYYKRDPDKDVDTVGK","TVGK","FRVLR","FRVLREFLQLGYGVLLSDVDI","TVGK.TGGNHAVSGLK.FRVLR",11,20,"fully_representative",TRUE,"quantifiable",TRUE,221,TRUE,"TVGKTGGNHAVSGLKFRVLR"
"11","AT1G19360","ASEHLSK",0,NA,4,NA,0.38,0.36,"GCVCAVLFPYGFFNSSSSLK","SSLK","SSN","SSNQVGSSACESPERVKMLKS","SSLK.ASEHLSK.SSN",7,14,"fully_representative",FALSE,"quantifiable",TRUE,47,TRUE,"SSLKASEHLSKSSN"
"12","AT1G19360","DVDTVGK",0,NA,1,NA,1,0.39,"YIENLCKENDVAYYKRDPDK","DPDK","TGG","TGGNHAVSGLKFRVLREFLQL","DPDK.DVDTVGK.TGG",7,14,"fully_representative",FALSE,"quantifiable",TRUE,214,TRUE,"DPDKDVDTVGKTGG"
"13","AT1G19360","SDFVTLSEK",2,5227.5,60,NA,0.57,0.44,"SSNQVGSSACESPERVKMLK","SPERVKMLK","NAE","NAELKKQVRELTEKLRLAEQG","PERVKMLK.SDFVTLSEK.NAE",9,20,"N_overhang_shortened",TRUE,"quantifiable",TRUE,74,TRUE,"PERVKMLKSDFVTLSEKNAE"
"14","AT1G19360","TNPTILPDESINPR",4,10264,79,NA,0.71,0.57,"VLALGTQIKAGPFGTVKSLR","GTVKSLR","LAK","LAKILEEIAVDKEVIVALANA","TNPTILPDESINPR",14,14,"no_overhangs",TRUE,"quantifiable",TRUE,131,TRUE,"TNPTILPDESINPR"
"15","AT1G19360","SSNQVGSSACESPER",2,NA,38,NA,0.36,0.66,"FPYGFFNSSSSLKASEHLSK","HLSK","VKMLK","VKMLKSDFVTLSEKNAELKKQ","SSNQVGSSACESPER",15,15,"no_overhangs",TRUE,"quantifiable",TRUE,54,TRUE,"SSNQVGSSACESPER"
"16","AT1G27440","FLLSSPVR",3,NA,22,NA,NA,NA,"LQKDPRCLTHMFAAEIFMHR","FMHR","TRNPD","TRNPDEADWFYTPIYPTCDLT","FMHR.FLLSSPVR.TRNPD",8,17,"fully_representative",TRUE,"not_proteotypic",FALSE,82,TRUE,"FMHRFLLSSPVRTRNPD"
"17","AT1G27440","ATLVQTFGQR",2,NA,15,NA,NA,NA,"CFHYQEEKAIERGILPLLQR","LLQR","NHV","NHVCLDEGSITIPPFAPPQKM","LLQR.ATLVQTFGQR.NHV",10,17,"fully_representative",TRUE,"not_proteotypic",FALSE,177,TRUE,"LLQRATLVQTFGQRNHV"
"18","AT1G27440","GILPLLQR",1,NA,5,NA,NA,NA,"VVPHDFGACFHYQEEKAIER","AIER","ATL","ATLVQTFGQRNHVCLDEGSIT","AIER.GILPLLQR.ATL",8,15,"fully_representative",TRUE,"not_proteotypic",FALSE,169,TRUE,"AIERGILPLLQRATL"
"19","AT1G27440","AAVWENFK",0,NA,2,NA,NA,NA,"GLFYDVNNDPEGGYYARGAR","YYARGAR","NNP","NNPLFDISTDHPTTYYEDMQR","YYARGAR.AAVWENFK.NNP",8,18,"fully_representative",TRUE,"not_proteotypic",FALSE,246,TRUE,"YYARGARAAVWENFKNNP"
"20","AT1G27440","VYVYELPSK",1,NA,NA,NA,0.6,0.57,"ERISGSAGDVLEDDPVGKLK","PVGKLK","YNK","YNKKLLQKDPRCLTHMFAAEI","PVGKLK.VYVYELPSK.YNK",9,18,"fully_representative",TRUE,"quantifiable",TRUE,48,TRUE,"PVGKLKVYVYELPSKYNK"
"21","AT1G27440","ISGSAGDVLEDDPVGK",4,NA,NA,0.5,0.54,0.44,"ILLFLFFSASSAKQNVRTER","QNVRTER","LKVYV","LKVYVYELPSKYNKKLLQKDP","ISGSAGDVLEDDPVGK",16,16,"no_overhangs",TRUE,"quantifiable",TRUE,30,TRUE,"ISGSAGDVLEDDPVGK"
"22","AT1G27440","GLFYDVNNDPEGGYYAR",4,NA,NA,1,0.4,0.47,"KMQAHFIPPDIPRSIFVYFR","VYFR","GAR","GARAAVWENFKNNPLFDISTD","GLFYDVNNDPEGGYYAR",17,17,"no_overhangs",TRUE,"quantifiable",TRUE,226,TRUE,"GLFYDVNNDPEGGYYAR"
"23","AT1G27440","DVPELDTILTSIPTEVILR",4,NA,NA,NA,0.56,0.79,"VLPFADAIPWEEIGVFVAEK","VAEK","KQRLLA","KQRLLANPSMKRAMLFPQPAQ","DVPELDTILTSIPTEVILR",19,19,"no_overhangs",TRUE,"too_long",TRUE,329,TRUE,"DVPELDTILTSIPTEVILR"
"24","AT1G27440","SSIQLISSNWPYWNR",3,NA,NA,NA,0.54,0.48,"TCDLTPTGLPLPFKSPRMMR","LPFKSPRMMR","TEG","TEGADHFFVVPHDFGACFHYQ","SSIQLISSNWPYWNR",15,15,"no_overhangs",TRUE,"quantifiable",TRUE,126,TRUE,"SSIQLISSNWPYWNR"
"25","AT1G27440","AIFCLCPLGWAPWSPR",3,NA,NA,NA,NA,NA,"NPLFDISTDHPTTYYEDMQR","DMQR","LVE","LVEAVVFGCIPVIIADDIVLP","AIFCLCPLGWAPWSPR",16,16,"no_overhangs",TRUE,"not_proteotypic",FALSE,275,TRUE,"AIFCLCPLGWAPWSPR"
"26","AT1G27600","LLIVVTPTYNR",3,NA,5,NA,0.72,0.46,"VSFVAETENGKKEVNFVPKK","FVPKK","AMQ","AMQAYYLNRVAQTLRLVESPV","FVPKK.LLIVVTPTYNR.AMQ",11,19,"fully_representative",TRUE,"quantifiable",TRUE,142,TRUE,"FVPKKLLIVVTPTYNRAMQ"
"27","AT1G27600","LLGVTSDPK",3,NA,2,NA,0.38,0.45,"TIGGSSSKHNSSQFLSYLTK","YLTK","SSR","SSRRGPWRRPFYQFLVFFLLG","YLTK.LLGVTSDPK.SSR",9,16,"fully_representative",TRUE,"quantifiable",TRUE,47,TRUE,"YLTKLLGVTSDPKSSR"
"28","AT1G27600","HNSSQFLSYLTK",2,NA,NA,0.75,0.43,0.38,"RSHENGGSHKGFTIGGSSSK","SSSK","LLG","LLGVTSDPKSSRRGPWRRPFY","SSSK.HNSSQFLSYLTK.LLG",12,19,"fully_representative",TRUE,"quantifiable",TRUE,35,TRUE,"SSSKHNSSQFLSYLTKLLG"
"29","AT1G27600","NTALEHIELHK",2,NA,NA,NA,0.41,0.5,"RHLVCKRNMTSIKDRGVHQR","VHQR","LDG","LDGIVYFADDDNIYSLELFQS","VHQR.NTALEHIELHK.LDG",11,18,"fully_representative",TRUE,"quantifiable",TRUE,219,TRUE,"VHQRNTALEHIELHKLDG"
"30","AT1G27600","GFTIGGSSSK",1,NA,NA,NA,0.42,0.43,"RRTLSPMYHDRSHENGGSHK","GSHK","HNS","HNSSQFLSYLTKLLGVTSDPK","GSHK.GFTIGGSSSK.HNS",10,17,"fully_representative",TRUE,"quantifiable",TRUE,25,TRUE,"GSHKGFTIGGSSSKHNS"
"31","AT1G27600","SHENGGSHK",0,NA,NA,NA,0.49,0.42,"MASIRRTLSPMYHDR","YHDR","GFT","GFTIGGSSSKHNSSQFLSYLT","YHDR.SHENGGSHK.GFT",9,16,"fully_representative",FALSE,"quantifiable",TRUE,16,TRUE,"YHDRSHENGGSHKGFT"
"32","AT1G33800","TNLSQEEEETQHK",2,NA,4,NA,0.46,0.6,"IIIYLARSNISSSSSKPISK","PISK","QEG","QEGCPTTQQCTKMPLSLSDAL","PISK.TNLSQEEEETQHK.QEG",13,20,"fully_representative",TRUE,"quantifiable",TRUE,44,TRUE,"PISKTNLSQEEEETQHKQEG"
"33","AT1G33800","DFPADFYETK",3,NA,1,NA,0.51,0.48,"SEECRSVSDPRNSKCDLALK","LALK","WDL","WDLIMVDAPTGYHEEAPGRMS","LALK.DFPADFYETK.WDL",10,17,"fully_representative",TRUE,"quantifiable",TRUE,193,TRUE,"LALKDFPADFYETKWDL"
"34","AT1G33800","HFTIPSHR",0,NA,NA,NA,0.62,0.45,"EFSATFLCKGYMREQNGRLR","QNGRLR","ARAGR","ARAGRPFCPVEVDRRR","QNGRLR.HFTIPSHR.ARAGR",8,19,"fully_representative",TRUE,"quantifiable",TRUE,274,TRUE,"QNGRLRHFTIPSHRARAGR"
"35","AT1G33800","TLFIEEDQAWIAIVTK",2,NA,NA,NA,0.43,0.5,"LVFGLGHDSLMWASLNHGGR","HGGR","KFPN","KFPNLESYHVVYDTKVKDSDK","TLFIEEDQAWIAIVTK",16,16,"no_overhangs",TRUE,"quantifiable",TRUE,130,TRUE,"TLFIEEDQAWIAIVTK"
"36","AT1G33800","VIFIGSSILILIIIYLAR",1,NA,NA,NA,0.39,0.44,"MRTKSPSSLNLK","LNLK","SNI","SNISSSSSKPISKTNLSQEEE","VIFIGSSILILIIIYLAR",18,18,"no_overhangs",TRUE,"quantifiable",TRUE,13,TRUE,"VIFIGSSILILIIIYLAR"
"37","AT1G74380","VLTAYLK",0,NA,21,NA,0.47,0.41,"LLDAWAPMGPKGPIRDEAGK","EAGK","GRPAF","GRPAFEADDQSALIYLLLSQK","EAGK.VLTAYLK.GRPAF",7,16,"fully_representative",FALSE,"quantifiable",TRUE,304,TRUE,"EAGKVLTAYLKGRPAF"
"38","AT1G74380","ITDWDSQR",0,NA,8,0.231,0.39,0.68,"LDEPQEGDMNPNATYVLGPK","LGPK","KVWL","KVWLNQNPEFPSTVNGKARIL","LGPK.ITDWDSQR.KVWL",8,16,"fully_representative",FALSE,"quantifiable",TRUE,125,TRUE,"LGPKITDWDSQRKVWL"
"39","AT1G74380","SWIALNTGSFLLR",3,NA,7,0.154,0.42,0.43,"RYQKHNLVIHGYPDLLFDQK","FDQK","NCQ","NCQWSLDLLDAWAPMGPKGPI","FDQK.SWIALNTGSFLLR.NCQ",13,20,"fully_representative",TRUE,"quantifiable",TRUE,264,TRUE,"FDQKSWIALNTGSFLLRNCQ"
"40","AT1G74380","NETVSPLEFVDK",4,NA,NA,NA,1,0.86,"LKLYGFSHRGLLSPKIKRIR","LSPKIKRIR","FDI","FDIRRTPVETKPQN","IKRIR.NETVSPLEFVDK.FDI",12,20,"N_overhang_shortened",TRUE,"quantifiable",TRUE,432,TRUE,"IKRIRNETVSPLEFVDKFDI"
"41","AT1G74380","HNLVIHGYPDLLFDQK",4,NA,4,0.154,0.46,0.42,"DSDALFTDILFQIPLARYQK","PLARYQK","SWI","SWIALNTGSFLLRNCQWSLDL","HNLVIHGYPDLLFDQK",16,16,"no_overhangs",TRUE,"quantifiable",TRUE,248,TRUE,"HNLVIHGYPDLLFDQK"
"42","AT1G74380","VWLNQNPEFPSTVNGK",4,NA,NA,0.462,0.68,0.41,"NPNATYVLGPKITDWDSQRK","DSQRK","ARILL","ARILLLTGSPPKPCDNPIGDH","VWLNQNPEFPSTVNGK",16,16,"no_overhangs",TRUE,"quantifiable",TRUE,134,TRUE,"VWLNQNPEFPSTVNGK"
"43","AT1G74380","ITILCGFVTILVLR",2,NA,NA,NA,0.4,0.45,"GRGGLLPRGRQMQKTFNNIK","NNIK","GTI","GTIGVGNLGSSSADAVNQNII","ITILCGFVTILVLR",14,14,"no_overhangs",TRUE,"quantifiable",TRUE,52,TRUE,"ITILCGFVTILVLR"
"44","AT1G75110","VADTLSK",0,NA,5,NA,0.49,0.46,"FNSGFFYLRPTIPSIDLLDR","LLDR","SEA","SEAWDQAVFNEQLFYPSHPGY","LLDR.VADTLSK.SEA",7,14,"fully_representative",TRUE,"quantifiable",TRUE,327,TRUE,"LLDRVADTLSKSEA"
"45","AT1G75110","SGGNHAVSGLK",2,NA,2,NA,0.38,0.44,"SKEVVFYKRDPDKAVDMVGK","MVGK","FRVLR","FRVLREFLQLGYSVLLSDVDI","MVGK.SGGNHAVSGLK.FRVLR",11,20,"fully_representative",TRUE,"quantifiable",TRUE,222,TRUE,"MVGKSGGNHAVSGLKFRVLR"
"46","AT1G75110","LAEQETENAR",0,NA,NA,NA,0.71,0.61,"ISVKNAELRKQVRELTEKVR","LTEKVR","KQVL","KQVLVLGSEIKAGPFGTVKSL","LTEKVR.LAEQETENAR.KQVL",10,20,"fully_representative",FALSE,"quantifiable",TRUE,100,TRUE,"LTEKVRLAEQETENARKQVL"
"47","AT1G75110","SDFSIISVK",3,NA,1,NA,0.57,0.4,"STSTDGLASCESSERVKMLK","SSERVKMLK","NAE","NAELRKQVRELTEKVRLAEQE","SERVKMLK.SDFSIISVK.NAE",9,20,"N_overhang_shortened",TRUE,"quantifiable",TRUE,75,TRUE,"SERVKMLKSDFSIISVKNAE"
"48","AT1G75110","STSTDGLASCESSER",3,NA,NA,NA,0.43,0.64,"PNGFFNSGSSLIANEERISK","NEERISK","VKMLK","VKMLKSDFSIISVKNAELRKQ","STSTDGLASCESSER",15,15,"no_overhangs",TRUE,"quantifiable",TRUE,55,TRUE,"STSTDGLASCESSER"
"49","AT1G75110","TNPTVVPDESVNPR",3,NA,NA,NA,0.71,0.55,"VLVLGSEIKAGPFGTVKSLR","GTVKSLR","LAK","LAKLLEKVAVNKEIIVVLANS","TNPTVVPDESVNPR",14,14,"no_overhangs",TRUE,"quantifiable",TRUE,132,TRUE,"TNPTVVPDESVNPR"
"50","AT1G75120","DPDNAIDVVGK",3,NA,NA,NA,0.96,0.43,"PLDDSLESFCKSNEVAYYKR","AYYKR","SRRSSD","SRRSSDVSGLKFRVLREFLQL","YYKR.DPDNAIDVVGK.SRR",11,18,"both_overhangs_shortened",TRUE,"quantifiable",TRUE,186,TRUE,"YYKRDPDNAIDVVGKSRR"
"51","AT1G75120","VASASCESPER",2,NA,NA,NA,0.43,0.58,"IGCVCTILIPNDFVNFRSSK","VNFRSSK","VKMFK","VKMFKAEFAIISEKNGELRKQ","RSSK.VASASCESPER.VKM",11,18,"both_overhangs_shortened",TRUE,"quantifiable",TRUE,46,TRUE,"RSSKVASASCESPERVKM"
"52","AT1G75120","SNEVAYYK",0,NA,NA,NA,0.39,0.68,"VGIQNYLVVPLDDSLESFCK","SFCK","RDPD","RDPDNAIDVVGKSRRSSDVSG","SFCK.SNEVAYYK.RDPD",8,16,"fully_representative",FALSE,"quantifiable",TRUE,177,TRUE,"SFCKSNEVAYYKRDPD"
"53","AT1G75120","SSDVSGLK",0,NA,NA,NA,1,0.44,"VAYYKRDPDNAIDVVGKSRR","VVGKSRR","FRVLR","FRVLREFLQLGYGVLLSDVDI","VVGKSRR.SSDVSGLK.FRVLR",8,20,"fully_representative",FALSE,"quantifiable",TRUE,200,TRUE,"VVGKSRRSSDVSGLKFRVLR"
"54","AT1G75120","VTDTLSK",0,NA,NA,NA,0.52,0.37,"FNSGFFYLRPTLPSIELLDR","LLDR","SGG","SGGWDQAVFNQHLFYPSHPGY","LLDR.VTDTLSK.SGG",7,14,"fully_representative",FALSE,"quantifiable",TRUE,302,TRUE,"LLDRVTDTLSKSGG"
"55","AT1G75120","AEFAIISEK",1,NA,NA,NA,0.74,0.43,"RSSKVASASCESPERVKMFK","SPERVKMFK","NGE","NGELRKQVSDLTEKVRLAEQK","PERVKMFK.AEFAIISEK.NGE",9,20,"N_overhang_shortened",TRUE,"quantifiable",TRUE,62,TRUE,"PERVKMFKAEFAIISEKNGE"
"56","AT1G77130","HFWEGDEPEIK",2,NA,NA,NA,0.41,0.83,"YLNEIFTWWHRIPKHMNFLK","NFLK","KMKTSL","KMKTSLFGADPPILYVLHYLG","NFLK.HFWEGDEPEIK.KMKTS",11,20,"C_overhang_shortened",TRUE,"quantifiable",TRUE,461,TRUE,"NFLKHFWEGDEPEIKKMKTS"
"57","AT1G77130","IDLVIAK",0,NA,14,NA,0.61,0.44,"EFEVPTCPSLPLIQIPGKPR","IPGKPR","LPC","LPCDKSGKWSRDVARLHLQLA","IPGKPR.IDLVIAK.LPC",7,16,"fully_representative",FALSE,"quantifiable",TRUE,176,TRUE,"IPGKPRIDLVIAKLPC"
"58","AT1G77130","DNFYSAGAK",1,NA,3,NA,0.44,0.84,"RQKLQLPVGSCELSVPLQAK","LQAK","KEAY","KEAYATILHSAQFYVCGAIAA","LQAK.DNFYSAGAK.KEAY",9,17,"fully_representative",FALSE,"quantifiable",TRUE,275,TRUE,"LQAKDNFYSAGAKKEAY"
"59","AT1G77130","LWQLTEYSK",1,NA,3,NA,0.71,0.38,"IRNPNAVPNAYNEWNYSKFR","NYSKFR","IIF","IIFIDADMLILRNIDFLFEFP","NYSKFR.LWQLTEYSK.IIF",9,18,"fully_representative",FALSE,"quantifiable",TRUE,366,TRUE,"NYSKFRLWQLTEYSKIIF"
"60","AT1G77130","LHLQLAAAR",1,NA,2,NA,0.48,0.43,"LVIAKLPCDKSGKWSRDVAR","DVAR","VAA","VAASSKGLHNVHVILVSDCFP","DVAR.LHLQLAAAR.VAA",9,16,"fully_representative",FALSE,"quantifiable",TRUE,198,TRUE,"DVARLHLQLAAARVAA"
"61","AT1G77130","SGLVAAGWK",1,NA,2,NA,0.38,0.45,"SGSTRDLVILVDETISEYHK","EYHK","IQM","IQMFQRIRNPNAVPNAYNEWN","EYHK.SGLVAAGWK.IQM",9,16,"fully_representative",FALSE,"quantifiable",TRUE,331,TRUE,"EYHKSGLVAAGWKIQM"
"62","AT1G77130","LQLPVGSCELSVPLQAK",4,NA,1,NA,0.55,0.44,"VARQGNIWLYKPNLHQLRQK","HQLRQK","DNF","DNFYSAGAKKEAYATILHSAQ","LQLPVGSCELSVPLQAK",17,17,"no_overhangs",TRUE,"quantifiable",TRUE,258,TRUE,"LQLPVGSCELSVPLQAK"
"63","AT1G77130","DLVILVDETISEYHK",4,NA,1,NA,0.49,0.38,"FYVCGAIAAAQSIRMSGSTR","GSTR","SGL","SGLVAAGWKIQMFQRIRNPNA","DLVILVDETISEYHK",15,15,"no_overhangs",TRUE,"quantifiable",TRUE,316,TRUE,"DLVILVDETISEYHK"
"64","AT2G03220","LLPEVDTLVER",4,NA,10,NA,0.65,0.46,"DPGPFQHVMDQISSCTQKEK","CTQKEK","SRHVN","SRHVNTPKHKAVLVTSLNAGY","QKEK.LLPEVDTLVER.SRH",11,18,"both_overhangs_shortened",TRUE,"quantifiable",TRUE,391,TRUE,"QKEKLLPEVDTLVERSRH"
"65","AT2G03220","YYEAYLSHADEK",3,NA,3,NA,0.38,0.43,"HHLGRYLFHPTNQVWGLVTR","LVTR","IGI","IGIQVRVFDEDPGPFQHVMDQ","LVTR.YYEAYLSHADEK.IGI",12,19,"fully_representative",TRUE,"quantifiable",TRUE,349,TRUE,"LVTRYYEAYLSHADEKIGI"
"66","AT2G03220","TTPDPSCGR",2,NA,1,NA,0.49,0.44,"YVAQGLGGLKPWILYRPENR","PENR","AMS","AMSMEPCFHSPPFYDCKAKTG","PENR.TTPDPSCGR.AMS",9,16,"fully_representative",FALSE,"quantifiable",TRUE,506,TRUE,"PENRTTPDPSCGRAMS"
"67","AT2G03220","YVVWISFSGLGNR",2,NA,NA,NA,0.4,0.45,"YKKALKQLDQEHIDGDGECK","GECK","ILS","ILSLASVFLYALLTDRVLLVD","GECK.YVVWISFSGLGNR.ILS",13,20,"fully_representative",FALSE,"quantifiable",TRUE,173,TRUE,"GECKYVVWISFSGLGNRILS"
"68","AT2G03220","ATVFHHLGR",2,NA,NA,0.333,0.42,0.38,"PSLWLIPGFDDELNKLFPQK","FPQK","YLF","YLFHPTNQVWGLVTRYYEAYL","FPQK.ATVFHHLGR.YLF",9,16,"fully_representative",FALSE,"quantifiable",TRUE,325,TRUE,"FPQKATVFHHLGRYLF"
"69","AT2G03220","TGIDTGTLVPHVR",4,NA,5,NA,0.56,0.41,"RAMSMEPCFHSPPFYDCKAK","YDCKAK","HCE","HCEDISWGLKLV","CKAK.TGIDTGTLVPHVR.HCE",13,20,"N_overhang_shortened",TRUE,"quantifiable",TRUE,534,TRUE,"CKAKTGIDTGTLVPHVRHCE"
"70","AT2G03220","AVLVTSLNAGYAENLK",4,NA,1,NA,0.55,0.41,"LPEVDTLVERSRHVNTPKHK","NTPKHK","SMY","SMYWEYPTSTGEIIGVHQPSQ","AVLVTSLNAGYAENLK",16,16,"no_overhangs",TRUE,"quantifiable",TRUE,412,TRUE,"AVLVTSLNAGYAENLK"
"71","AT2G03220","YLFHPTNQVWGLVTR",3,NA,NA,0.667,0.38,0.38,"DDELNKLFPQKATVFHHLGR","HLGR","YYE","YYEAYLSHADEKIGIQVRVFD","YLFHPTNQVWGLVTR",15,15,"no_overhangs",TRUE,"quantifiable",TRUE,334,TRUE,"YLFHPTNQVWGLVTR"
"72","AT2G03220","ILSLASVFLYALLTDR",2,NA,NA,NA,0.45,0.49,"DGDGECKYVVWISFSGLGNR","LGNR","VLL","VLLVDRGKDMDDLFCEPFLGM","ILSLASVFLYALLTDR",16,16,"no_overhangs",FALSE,"quantifiable",TRUE,186,TRUE,"ILSLASVFLYALLTDR"
"73","AT2G20370","YALLEEGQR",1,NA,43,0.333,0.37,0.52,"KNMIEGRTEYDYFVEENSWK","NSWK","EAG","EAGGHVWDPFFSKPKPGEDGS","NSWK.YALLEEGQR.EAG",9,16,"fully_representative",TRUE,"quantifiable",TRUE,563,TRUE,"NSWKYALLEEGQREAG"
"74","AT2G20370","LLFLPAAK",2,NA,28,NA,0.41,0.39,"GRITWDFRRLSEEETDWGNK","WGNK","NMS","NMSMLVVESSPWNANDFGIPY","WGNK.LLFLPAAK.NMS",8,15,"fully_representative",TRUE,"quantifiable",TRUE,311,TRUE,"WGNKLLFLPAAKNMS"
"75","AT2G20370","DSEVFEWQDR",1,NA,6,0.333,0.5,0.54,"SPWNANDFGIPYPTYFHPAK","HPAK","MRNLE","MRNLERKWLFSFAGAPRPDNP","HPAK.DSEVFEWQDR.MRNLE",10,19,"fully_representative",TRUE,"quantifiable",TRUE,348,TRUE,"HPAKDSEVFEWQDRMRNLE"
"76","AT2G20370","LLECDFGESK",1,NA,5,NA,0.42,0.41,"NPKSIRGQIIDQCRNSNVGK","NVGK","CHA","CHAPSSIMQMFQSSLFCLQPQ","NVGK.LLECDFGESK.CHA",10,17,"fully_representative",FALSE,"quantifiable",TRUE,397,TRUE,"NVGKLLECDFGESKCHA"
"77","AT2G20370","LSEEETDWGNK",2,NA,3,NA,0.76,0.41,"IMRGKDHFLVAGRITWDFRR","WDFRR","LLF","LLFLPAAKNMSMLVVESSPWN","WDFRR.LSEEETDWGNK.LLF",11,19,"fully_representative",FALSE,"quantifiable",TRUE,300,TRUE,"WDFRRLSEEETDWGNKLLF"
"78","AT2G20370","TEYDYFVEENSWK",4,NA,1,NA,0.49,0.37,"SVQAVIDKVTRLRKNMIEGR","IEGR","YAL","YALLEEGQREAGGHVWDPFFS","IEGR.TEYDYFVEENSWK.YAL",13,20,"fully_representative",TRUE,"quantifiable",TRUE,550,TRUE,"IEGRTEYDYFVEENSWKYAL"
"79","AT2G20370","DAFDVSVQAVIDK",4,NA,NA,NA,0.53,0.69,"INLIPRLIYADPRSELETQK","ETQK","VTR","VTRLRKNMIEGRTEYDYFVEE","ETQK.DAFDVSVQAVIDK.VTR",13,20,"fully_representative",TRUE,"quantifiable",TRUE,525,TRUE,"ETQKDAFDVSVQAVIDKVTR"
"80","AT2G20370","YIYVHNLPSK",1,NA,NA,NA,0.39,0.43,"FSFIRALKTVDNKSDPCGGK","CGGK","FNE","FNEDMLRDCKKLSLWTNMCKF","CGGK.YIYVHNLPSK.FNE",10,17,"fully_representative",FALSE,"quantifiable",TRUE,155,TRUE,"CGGKYIYVHNLPSKFNE"
"81","AT2G25260","IDPIGNSPVIVTK",4,NA,8,NA,0.46,0.38,"KKYESVLRKFFPKENGPISR","PISR","NAL","NALMKIAPTWMNVSLAMKNDP","PISR.IDPIGNSPVIVTK.NAL",13,20,"fully_representative",TRUE,"quantifiable",TRUE,209,TRUE,"PISRIDPIGNSPVIVTKNAL"
"82","AT2G25260","YNYIVSDDPPLR",3,NA,NA,NA,0.39,0.66,"FRGKYFFPILMTLSLFLIIR","LIIR","QEL","QELPGRRSASSGDDITYTVKT","LIIR.YNYIVSDDPPLR.QEL",12,19,"fully_representative",TRUE,"quantifiable",TRUE,23,TRUE,"LIIRYNYIVSDDPPLRQEL"
"83","AT2G25260","NDPQTDK",0,NA,NA,NA,0.48,0.47,"TKNALMKIAPTWMNVSLAMK","LAMK","AFG","AFGWVLEMYAYAVSSALHGVS","LAMK.NDPQTDK.AFG",7,14,"fully_representative",FALSE,"quantifiable",TRUE,240,TRUE,"LAMKNDPQTDKAFG"
"84","AT2G25260","NLTLPPR",0,NA,NA,NA,0.57,0.43,"GKIGEWRFDKRSYGDKPPPR","PPPR","GVP","GVPESVVTLVTMINEATANIP","PPPR.NLTLPPR.GVP",7,14,"fully_representative",FALSE,"quantifiable",TRUE,327,TRUE,"PPPRNLTLPPRGVP"
"85","AT2G25260","SASSGDDITYTVK",4,NA,2,NA,0.73,0.52,"RYNYIVSDDPPLRQELPGRR","LPGRR","TPS","TPSKKTKRLFHTAVTATDSVY","PGRR.SASSGDDITYTVK.TPS",13,20,"N_overhang_shortened",TRUE,"quantifiable",TRUE,42,TRUE,"PGRRSASSGDDITYTVKTPS"
"86","AT2G25260","GNLAAAFPFFYIEPK",4,NA,4,NA,0.42,0.49,"YILMAEPDHIIVKPIPNLAR","NLAR","KYES","KYESVLRKFFPKENGPISRID","GNLAAAFPFFYIEPK",15,15,"no_overhangs",TRUE,"quantifiable",TRUE,175,TRUE,"GNLAAAFPFFYIEPK"
"87","AT2G35610","LLEALYWK",0,1602.5,17,NA,0.42,0.4,"VKHLTDLDLSNILVGAMDTK","MDTK","GVP","GVPVFDMGSHMSTVDVGWGSP","MDTK.LLEALYWK.GVP",8,15,"fully_representative",FALSE,"quantifiable",TRUE,171,TRUE,"MDTKLLEALYWKGVP"
"88","AT2G35610","AIFSSFDDVK",3,NA,36,NA,0.42,0.49,"NTSPSRVLKFPKRSNEDTFK","DTFK","VIK","VIKFSSIEDAFIGFSDKEREE","DTFK.AIFSSFDDVK.VIK",10,17,"fully_representative",TRUE,"quantifiable",TRUE,563,TRUE,"DTFKAIFSSFDDVKVIK"
"89","AT2G35610","SLLLDGK",0,NA,20,NA,0.32,0.46,"PPEYYDSPGGFIAFKPSIPK","SIPK","HTI","HTIESHFILVNHQMKQIRSAL","SIPK.SLLLDGK.HTI",7,14,"fully_representative",FALSE,"quantifiable",TRUE,412,TRUE,"SIPKSLLLDGKHTI"
"90","AT2G35610","IWVSPPR",0,NA,2,NA,0.4,0.9,"PPQALPPPVLEEAQGNSLGK","SLGK","DKKMPP","DKKMPPLETFKLTKELFGERV","SLGK.IWVSPPR.DKKMPP",7,17,"fully_representative",FALSE,"quantifiable",TRUE,102,TRUE,"SLGKIWVSPPRDKKMPP"
"91","AT2G35610","VWDQNGFNEIVR",3,NA,NA,NA,0.68,0.68,"TESAKKLAKEWKEILLADDK","ADDK","RQLG","RQLGPSVEGDSGLFYAYDGNL","ADDK.VWDQNGFNEIVR.RQLG",12,20,"fully_representative",TRUE,"quantifiable",TRUE,303,TRUE,"ADDKVWDQNGFNEIVRRQLG"
"92","AT2G35610","YVGIWCCEENK",1,1720.5,NA,NA,0.92,0.6,"AFIGFSDKEREERFRRRVKR","FSDKEREERFRRRVKR","TPG","TPGHIYYDMYWDEKPGWKPVP","RRRVKR.YVGIWCCEENK.TPG",11,20,"N_overhang_shortened",TRUE,"quantifiable",TRUE,602,TRUE,"RRRVKRYVGIWCCEENKTPG"
"93","AT2G35610","SALAIASLLNR",3,NA,NA,NA,0.63,0.45,"GKHTIESHFILVNHQMKQIR","HQMKQIR","TLV","TLVMPPIWCRLDRLWFGHPGT","QMKQIR.SALAIASLLNR.TLV",11,20,"N_overhang_shortened",TRUE,"quantifiable",TRUE,437,TRUE,"QMKQIRSALAIASLLNRTLV"
"94","AT2G35610","FSSIEDAFIGFSDK",4,NA,5,NA,0.53,0.76,"SNEDTFKAIFSSFDDVKVIK","DDVKVIK","EREER","EREERFRRRVKRYVGIWCCEE","FSSIEDAFIGFSDK",14,14,"no_overhangs",TRUE,"quantifiable",TRUE,576,TRUE,"FSSIEDAFIGFSDK"
"95","AT2G37090","GLVIVVTPIITK",3,NA,NA,0.5,0.52,0.58,"GETRSLSEKEDENQVKVTPR","VTPR","DRYKNVL","DRYKNVLLRRMANTLRLVPPP","VTPR.GLVIVVTPIITK.DRYK",12,20,"C_overhang_shortened",TRUE,"quantifiable",TRUE,115,TRUE,"VTPRGLVIVVTPIITKDRYK"
"96","AT2G37090","LVPPPLLWIVVEK",3,NA,NA,NA,0.44,0.4,"IITKDRYKNVLLRRMANTLR","NTLR","HSD","HSDGEEKSSSTMLRKTGIMYR","NTLR.LVPPPLLWIVVEK.HSD",13,20,"fully_representative",TRUE,"quantifiable",TRUE,143,TRUE,"NTLRLVPPPLLWIVVEKHSD"
"97","AT2G37090","GLPAQDCSK",1,NA,NA,NA,0.66,0.39,"KQDSIKYVKQVVLEDDTKLK","DDTKLK","IML","IMLWRLKFPTRTRLST","DDTKLK.GLPAQDCSK.IML",9,18,"fully_representative",TRUE,"quantifiable",TRUE,327,TRUE,"DDTKLKGLPAQDCSKIML"
"98","AT2G37090","HSDGEEK",0,NA,NA,NA,0.4,0.44,"RMANTLRLVPPPLLWIVVEK","VVEK","SSS","SSSTMLRKTGIMYRRIVFKED","VVEK.HSDGEEK.SSS",7,14,"fully_representative",FALSE,"quantifiable",TRUE,156,TRUE,"VVEKHSDGEEKSSS"
"99","AT2G37090","TLINSQSQAPAPAESR",4,NA,NA,NA,0.46,0.5,"PIPPQPFENATYTQHSLLNR","LLNR","EAE","EAEGETRSLSEKEDENQVKVT","TLINSQSQAPAPAESR",16,16,"no_overhangs",TRUE,"quantifiable",TRUE,76,TRUE,"TLINSQSQAPAPAESR"
"100","AT2G37090","ASFFSNFETTSYTSTK",3,NA,NA,NA,0.41,0.44,"IHFSLCFVMGFFTGFAPAGK","PAGK","SPI","SPIPPQPFENATYTQHSLLNR","ASFFSNFETTSYTSTK",16,16,"no_overhangs",TRUE,"quantifiable",TRUE,39,TRUE,"ASFFSNFETTSYTSTK"
"101","AT2G38650","SEASYTGVQR",1,NA,28,0.214,0.82,0.59,"RGLPVSPTVVANPSPANKTK","PANKTK","KIVS","KIVSGDETWRTCEVKYGSYCL","PANKTK.SEASYTGVQR.KIVS",10,20,"fully_representative",FALSE,"quantifiable",TRUE,136,TRUE,"PANKTKSEASYTGVQRKIVS"
"102","AT2G38650","AYYPSIAK",1,NA,12,NA,0.4,0.41,"KEPMKDAKVKQMKDQLFVAR","FVAR","MPS","MPSQSKLTRDMKQNIQEFERI","FVAR.AYYPSIAK.MPS",8,15,"fully_representative",TRUE,"quantifiable",TRUE,192,TRUE,"FVARAYYPSIAKMPS"
"103","AT2G38650","ALGVSETYQK",2,NA,7,0.048,0.59,0.4,"DTNACLWMSGLNVVDLARWR","DLARWR","YYK","YYKEMSSGDESSEAIALQASL","DLARWR.ALGVSETYQK.YYK",10,19,"fully_representative",TRUE,"quantifiable",TRUE,514,TRUE,"DLARWRALGVSETYQKYYK"
"104","AT2G38650","SDSLEDPISEK",2,NA,4,NA,0.47,0.39,"QTMPKSLHCLSMRLTVEHFK","EHFK","FSD","FSDPSLLHFVIISDNILASSV","EHFK.SDSLEDPISEK.FSD",11,18,"fully_representative",TRUE,"quantifiable",TRUE,309,TRUE,"EHFKSDSLEDPISEKFSD"
"105","AT2G38650","IVSGDETWR",1,NA,4,NA,0.67,0.46,"NPSPANKTKSEASYTGVQRK","GVQRK","TCE","TCEVKYGSYCLWREENKEPMK","GVQRK.IVSGDETWR.TCE",9,17,"fully_representative",FALSE,"quantifiable",TRUE,147,TRUE,"GVQRKIVSGDETWRTCE"
"106","AT2G38650","VVILDDDVVVQR",3,NA,21,0.286,0.49,0.44,"LSLFSQSHYLLPKLFDKLEK","LFDKLEK","DLS","DLSPLWDLDMEGKVNGAVKSC","DKLEK.VVILDDDVVVQR.DLS",12,20,"N_overhang_shortened",TRUE,"quantifiable",TRUE,446,TRUE,"DKLEKVVILDDDVVVQRDLS"
"107","AT2G38650","DQLFVAR",1,NA,11,NA,0.77,0.4,"CLWREENKEPMKDAKVKQMK","EPMKDAKVKQMK","AYY","AYYPSIAKMPSQSKLTRDMKQ","MKDAKVKQMK.DQLFVAR.AYY",7,20,"N_overhang_shortened",TRUE,"quantifiable",TRUE,185,TRUE,"MKDAKVKQMKDQLFVARAYY"
"108","AT2G38650","VSFPSGDLLASQQNR",4,NA,NA,NA,0.44,0.44,"IEKLELDDSDMKLSLSAEFR","AEFR","THY","THYLSLFSQSHYLLPKLFDKL","VSFPSGDLLASQQNR",15,15,"no_overhangs",TRUE,"quantifiable",TRUE,408,TRUE,"VSFPSGDLLASQQNR"
"109","AT2G38650","THYLSLFSQSHYLLPK",2,NA,NA,0.31,0.44,0.45,"SAEFRVSFPSGDLLASQQNR","QQNR","LFD","LFDKLEKVVILDDDVVVQRDL","THYLSLFSQSHYLLPK",16,16,"no_overhangs",TRUE,"quantifiable",TRUE,423,TRUE,"THYLSLFSQSHYLLPK"
"110","AT2G41770","IEAYPFVEEK",1,NA,13,NA,0.83,0.47,"LWELGGYVAVYPPTAHRFDR","TAHRFDR","DLH","DLHVNVGRLIKFLLAWRSEKH","TAHRFDR.IEAYPFVEEK.DLH",10,20,"fully_representative",TRUE,"quantifiable",TRUE,391,TRUE,"TAHRFDRIEAYPFVEEKDLH"
"111","AT2G41770","TTLEAFDIR",2,NA,9,NA,0.72,0.5,"QQGISNGLPDVDSVFYFTRK","YFTRK","FDE","FDEHSPKVALPQGVMVPVNSF","YFTRK.TTLEAFDIR.FDE",9,17,"fully_representative",TRUE,"quantifiable",TRUE,307,TRUE,"YFTRKTTLEAFDIRFDE"
"112","AT2G41770","NSDLYVEEAK",2,NA,3,NA,0.4,0.5,"EWRLLYGRIFKTVVILSSQK","SSQK","LDH","LDHIYKHLPKIFDRYSSAEGF","SSQK.NSDLYVEEAK.LDH",10,17,"fully_representative",TRUE,"quantifiable",TRUE,556,TRUE,"SSQKNSDLYVEEAKLDH"
"113","AT2G41770","DLHVNVGR",1,NA,2,NA,0.47,0.51,"YPPTAHRFDRIEAYPFVEEK","VEEK","LIK","LIKFLLAWRSEKHSFFETVLD","VEEK.DLHVNVGR.LIK",8,15,"fully_representative",FALSE,"quantifiable",TRUE,401,TRUE,"VEEKDLHVNVGRLIK"
"114","AT2G41770","HFDVELVGLDSK",4,NA,NA,NA,0.42,0.56,"AKKIYDADDRGEVIDGDLGK","DLGK","QEP","QEPILQYSHENPNRTVVNPYI","DLGK.HFDVELVGLDSK.QEP",12,19,"fully_representative",TRUE,"quantifiable",TRUE,218,TRUE,"DLGKHFDVELVGLDSKQEP"
"115","AT2G41770","WNSIPVVPDK",2,NA,NA,NA,0.43,0.57,"LCFQSQSTQFLQSLSRPQIK","PQIK","TSP","TSPYANFQTEKWIVVSVTKYP","PQIK.WNSIPVVPDK.TSP",10,17,"fully_representative",FALSE,"quantifiable",TRUE,97,TRUE,"PQIKWNSIPVVPDKTSP"
"116","AT2G41770","TSPYANFQTEK",2,NA,NA,NA,0.57,0.42,"LQSLSRPQIKWNSIPVVPDK","VPDK","WIV","WIVVSVTKYPTEELKSLVKIR","VPDK.TSPYANFQTEK.WIV",11,18,"fully_representative",FALSE,"quantifiable",TRUE,107,TRUE,"VPDKTSPYANFQTEKWIV"
"117","AT2G41770","APAVHPWSISSEQDFIK",4,NA,2,NA,0.42,0.42,"MVYKRKSASFNTSSSLYSAK","YSAK","LVQ","LVQQMAEGDPLLMELV","APAVHPWSISSEQDFIK",17,17,"no_overhangs",TRUE,"quantifiable",TRUE,739,TRUE,"APAVHPWSISSEQDFIK"
"118","AT2G41770","GSIFLSLDAQAELGYR",4,NA,NA,NA,0.4,0.42,"RGWQVLAIGNSATPKDWSLK","WSLK","VLD","VLDHLPYDSFVRKSVGYLFAI","GSIFLSLDAQAELGYR",16,16,"no_overhangs",TRUE,"quantifiable",TRUE,158,TRUE,"GSIFLSLDAQAELGYR"
"119","AT2G41770","NLDFSTWFSENLSR",3,NA,NA,NA,0.35,0.42,"SQIRELPTHQQIRRRFSEPK","SEPK","IAV","IAVFSLLIVTIVAFFFLYNTT","NLDFSTWFSENLSR",14,14,"no_overhangs",TRUE,"quantifiable",TRUE,37,TRUE,"NLDFSTWFSENLSR"
"120","AT3G01720","VLAPLWLSK",3,NA,8,NA,0.45,0.45,"HPELCDKVGGLLAMHIDDLR","DDLR","TED","TEDVRQDTAHWTTNLTGDIYG","DDLR.VLAPLWLSK.TED",9,16,"fully_representative",TRUE,"quantifiable",TRUE,192,TRUE,"DDLRVLAPLWLSKTED"
"121","AT3G01720","GPITPWEFK",2,NA,7,NA,0.47,0.44,"HHTNIDAEYVVILDADMILR","MILR","AAR","AARGRPVSTPYDYLIGCDNDL","MILR.GPITPWEFK.AAR",9,16,"fully_representative",TRUE,"quantifiable",TRUE,498,TRUE,"MILRGPITPWEFKAAR"
"122","AT3G01720","LLSCTDEALK",3,NA,6,NA,0.42,0.5,"QTVGFMHSFRQSGQPGNITR","NITR","NYK","NYKGHDLAPTHYVPSMSRHPL","NITR.LLSCTDEALK.NYK",10,17,"fully_representative",TRUE,"quantifiable",TRUE,429,TRUE,"NITRLLSCTDEALKNYK"
"123","AT3G01720","SGQPGPITR",2,NA,1,NA,0.35,0.4,"VECQNYFDWQTVGLMHSFLK","SFLK","LLS","LLSCTDDQKKTYRGMNLAPTF","SFLK.SGQPGPITR.LLS",9,16,"fully_representative",TRUE,"quantifiable",TRUE,56,TRUE,"SFLKSGQPGPITRLLS"
"124","AT3G01720","VFHYGLEFK",1,NA,1,NA,0.43,0.43,"INKEIMIYPGYVPEPGADYR","ADYR","VGN","VGNWSFDKANWRNTDLINKCW","ADYR.VFHYGLEFK.VGN",9,16,"fully_representative",FALSE,"quantifiable",TRUE,626,TRUE,"ADYRVFHYGLEFKVGN"
"125","AT3G01720","LFPEPPYPR",2,NA,NA,NA,0.45,0.61,"NWSFTKLDHHEDNIVYDCNR","DCNR","EVK","EVKIMEPDPSKRRGLILSLEC","DCNR.LFPEPPYPR.EVK",9,16,"fully_representative",TRUE,"quantifiable",TRUE,295,TRUE,"DCNRLFPEPPYPREVK"
"126","AT3G01720","DLLSIECGQK",2,NA,NA,NA,0.74,0.43,"FPDPPSPSAVHQTDNDLRQR","NDLRQR","LNE","LNEALFLHHKRRNCPEPGSES","NDLRQR.DLLSIECGQK.LNE",10,19,"fully_representative",TRUE,"quantifiable",TRUE,678,TRUE,"NDLRQRDLLSIECGQKLNE"
"127","AT3G01720","LDHHEDNIVYDCNR",3,NA,NA,NA,0.45,0.45,"EPVLMHYGLPFSIGNWSFTK","SFTK","LFP","LFPEPPYPREVKIMEPDPSKR","LDHHEDNIVYDCNR",14,14,"no_overhangs",TRUE,"quantifiable",TRUE,281,TRUE,"LDHHEDNIVYDCNR"
"128","AT3G03050","ATDLNVLK",2,NA,5,NA,0.41,0.49,"LWFALSWLLDQLPKLCPINR","PINR","EKFET","EKFETPTPSNPTGKSDLPGLD","PINR.ATDLNVLK.EKFET",8,17,"fully_representative",TRUE,"quantifiable",TRUE,351,TRUE,"PINRATDLNVLKEKFET"
"129","AT3G03050","NNAFFASPR",2,NA,3,0.083,0.43,0.48,"DRLHQVLRWATGSVEIFFSR","FFSR","MKILQ","MKILQRIAYLNVGIYPFTSFF","FFSR.NNAFFASPR.MKILQ",9,18,"fully_representative",FALSE,"quantifiable",TRUE,902,TRUE,"FFSRNNAFFASPRMKILQ"
"130","AT3G03050","LQIPAAVISPYR",4,NA,NA,NA,0.69,0.42,"GHGMGPQDLMSRPWRPLTRK","PLTRK","LLI","LLILIRIVVLALFLMWRIKHK","PLTRK.LQIPAAVISPYR.LLI",12,20,"fully_representative",FALSE,"quantifiable",TRUE,283,TRUE,"PLTRKLQIPAAVISPYRLLI"
"131","AT3G03050","NTDLADFADNNK",3,NA,NA,0.208,0.73,0.49,"CFMDAVKTGGMCPGCKEPYR","EPYR","QQR","QQRPMLPPPAGGSKMDRRLSL","EPYR.NTDLADFADNNK.QQR",12,19,"fully_representative",TRUE,"quantifiable",TRUE,181,TRUE,"EPYRNTDLADFADNNKQQR"
"132","AT3G03050","GSSCAVPGCDVK",2,NA,NA,NA,0.42,0.42,"HLMEKVIDTETSHPQMAGAK","AGAK","VMS","VMSDERGQDLLPCECDFKICR","AGAK.GSSCAVPGCDVK.VMS",12,19,"fully_representative",FALSE,"quantifiable",TRUE,127,TRUE,"AGAKGSSCAVPGCDVKVMS"
"133","AT3G03050","TIYSVIPQWSK",2,NA,NA,NA,0.41,0.37,"IPPITIMMVNLIAIAVGFSR","GFSR","LIG","LIGGVFFSFWVLAHLYPFAKG","GFSR.TIYSVIPQWSK.LIG",11,18,"fully_representative",FALSE,"quantifiable",TRUE,1068,TRUE,"GFSRTIYSVIPQWSKLIG"
"134","AT3G03050","SNLSTNSDAAEAER",3,NA,1,NA,0.44,0.49,"MASNNHFMNSR","MNSR","HQQ","HQQPVSNSVTFARRTPSGRYV","SNLSTNSDAAEAER",14,14,"no_overhangs",TRUE,"quantifiable",TRUE,12,TRUE,"SNLSTNSDAAEAER"
"135","AT3G03050","VVAGIEISFTLTSK",3,NA,NA,NA,0.38,0.36,"FWLIGGTSAHLAAVIQGLLK","GLLK","SGG","SGGEDVDDEFADLYIVKWTSL","VVAGIEISFTLTSK",14,14,"no_overhangs",TRUE,"quantifiable",TRUE,1012,TRUE,"VVAGIEISFTLTSK"
"136","AT3G07330","GNEELALVQTR",3,NA,25,0.1,0.44,0.4,"FDADFQPPADFLKKTVPHFK","PHFK","WAF","WAFVNKDENLLTRLQNINLSF","PHFK.GNEELALVQTR.WAF",11,18,"fully_representative",TRUE,"quantifiable",TRUE,338,TRUE,"PHFKGNEELALVQTRWAF"
"137","AT3G07330","ALEDCGGWLER",1,NA,2,NA,0.5,0.42,"NGVFINFFGFNGTAGVWRIK","GVWRIK","TTV","TTVEDMDIAVRAHLCGWKFIY","GVWRIK.ALEDCGGWLER.TTV",11,20,"fully_representative",TRUE,"quantifiable",TRUE,398,TRUE,"GVWRIKALEDCGGWLERTTV"
"138","AT3G07330","LVGEGVR",0,NA,2,NA,0.43,0.5,"CFWIKLRRIKPVASMEYPTK","YPTK","LED","LEDYPMVIVQIPMCNEKEVYQ","YPTK.LVGEGVR.LED",7,14,"fully_representative",FALSE,"quantifiable",TRUE,210,TRUE,"YPTKLVGEGVRLED"
"139","AT3G07330","LCFFDILR",1,NA,1,NA,0.42,0.54,"YEAYKKQQYRWHSGPMQLFR","QLFR","SKVSA","SKVSAAKKANMIFLFFLLRKL","QLFR.LCFFDILR.SKVSA",8,17,"fully_representative",FALSE,"quantifiable",TRUE,463,TRUE,"QLFRLCFFDILRSKVSA"
"140","AT3G07330","SSSDSGLTELSK",2,NA,NA,0.05,0.44,0.43,"ADLVAYAESGSLVESTTIQR","TIQR","LGA","LGAAKKAGKTKRNRLYRTEIA","TIQR.SSSDSGLTELSK.LGA",12,19,"fully_representative",TRUE,"quantifiable",TRUE,606,TRUE,"TIQRSSSDSGLTELSKLGA"
"141","AT3G07330","IANDNPPSVSSSAR",3,NA,NA,0.15,0.69,0.48,"SSFLWIGNSFLYLVRTANRR","TANRR","LYR","LYRLIKGFLVVVVLLLCFELA","IANDNPPSVSSSAR",14,14,"no_overhangs",FALSE,"quantifiable",TRUE,92,TRUE,"IANDNPPSVSSSAR"
"142","AT3G08550","GGGLADPASASVR",3,NA,14,NA,0.43,0.44,"LLLTLLPVSLACLAFILQWR","LQWR","SST","SSTSVPGGSDLNHEVFPGMET","LQWR.GGGLADPASASVR.SST",13,20,"fully_representative",TRUE,"quantifiable",TRUE,53,TRUE,"LQWRGGGLADPASASVRSST"
"143","AT3G08550","STASESLPSK",1,NA,13,NA,0.47,0.6,"STNLSKKKFLSSIHKSNSSR","NSSR","ESK","ESKSEGISARHLLEAESAIPP","NSSR.STASESLPSK.ESK",10,17,"fully_representative",FALSE,"quantifiable",TRUE,488,TRUE,"NSSRSTASESLPSKESK"
"144","AT3G08550","VLESIPGVK",3,NA,11,NA,0.4,0.43,"GVSTFFLFVEGKAATPSISK","SISK","VIY","VIYRTKELEEKQAKSRIWNET","SISK.VLESIPGVK.VIY",9,16,"fully_representative",TRUE,"quantifiable",TRUE,174,TRUE,"SISKVLESIPGVKVIY"
"145","AT3G08550","AATPSISK",0,NA,4,NA,0.38,0.4,"WMFYHKVLGVSTFFLFVEGK","VEGK","VLE","VLESIPGVKVIYRTKELEEKQ","VEGK.AATPSISK.VLE",8,15,"fully_representative",FALSE,"quantifiable",TRUE,166,TRUE,"VEGKAATPSISKVLE"
"146","AT3G08550","NNPNYFLTYGNGK",3,NA,1,NA,0.65,0.41,"KNYDHLPKDTYFGMYKEATR","EATR","SVA","SVARVQDHLRPNGAHRWHNYM","EATR.NNPNYFLTYGNGK.SVA",13,20,"fully_representative",TRUE,"quantifiable",TRUE,319,TRUE,"EATRNNPNYFLTYGNGKSVA"
"147","AT3G08550","LEEAAVLHYTYSK",2,NA,1,NA,0.74,0.38,"LRPNGAHRWHNYMKTPNEIK","NEIK","FSD","FSDLTSRRDRCGCKPTKEDVK","NEIK.LEEAAVLHYTYSK.FSD",13,20,"fully_representative",TRUE,"quantifiable",TRUE,360,TRUE,"NEIKLEEAAVLHYTYSKFSD"
"148","AT3G08550","SSSPSFPYYADWK",4,NA,NA,NA,0.45,0.42,"VSSVSPKSHQSSSDCSNLAR","NLAR","FGV","FGVDTSLKPKICITTSTSAGL","NLAR.SSSPSFPYYADWK.FGV",13,20,"fully_representative",TRUE,"quantifiable",TRUE,107,TRUE,"NLARSSSPSFPYYADWKFGV"
"149","AT3G08550","SHQSSSDCSNLAR",3,NA,NA,NA,0.37,0.45,"SDLNHEVFPGMETVSSVSPK","VSPK","SSS","SSSPSFPYYADWKFGVDTSLK","VSPK.SHQSSSDCSNLAR.SSS",13,20,"fully_representative",TRUE,"quantifiable",TRUE,94,TRUE,"VSPKSHQSSSDCSNLARSSS"
"150","AT3G08550","VLGVSTFFLFVEGK",3,NA,NA,NA,0.38,0.38,"ITTSTSAGLDQILPWMFYHK","FYHK","AAT","AATPSISKVLESIPGVKVIYR","VLGVSTFFLFVEGK",14,14,"no_overhangs",TRUE,"quantifiable",TRUE,152,TRUE,"VLGVSTFFLFVEGK"
"151","AT3G18660","VVVLNLDYADK",3,NA,NA,NA,0.5,0.6,"NEIQRWREVSKSKDNGDEEK","DEEK","NVT","NVTWDALYPEWIDEEQETEVP","DEEK.VVVLNLDYADK.NVT",11,18,"fully_representative",TRUE,"quantifiable",TRUE,167,TRUE,"DEEKVVVLNLDYADKNVT"
"152","AT3G18660","GHVFFVSR",2,NA,NA,NA,0.58,0.4,"RLHLQLAAATVAASAKGFFR","GFFR","CFP","CFPIPNLFRCKDLVSRRGDVW","GFFR.GHVFFVSR.CFP",8,15,"fully_representative",TRUE,"quantifiable",TRUE,254,TRUE,"GFFRGHVFFVSRCFP"
"153","AT3G18660","CFPIPNLFR",2,NA,NA,NA,0.4,0.47,"ATVAASAKGFFRGHVFFVSR","FVSR","CKDLV","CKDLVSRRGDVWLYKPNLDTL","FVSR.CFPIPNLFR.CKDLV",9,18,"fully_representative",FALSE,"quantifiable",TRUE,262,TRUE,"FVSRCFPIPNLFRCKDLV"
"154","AT3G18660","IIFIDADLLILR",2,NA,NA,NA,0.51,0.44,"AYNEWNYSKFRLWQLTDYDK","DYDK","NID","NIDFLFSMPEISATGNNGTLF","DYDK.IIFIDADLLILR.NID",12,19,"fully_representative",FALSE,"quantifiable",TRUE,412,TRUE,"DYDKIIFIDADLLILRNID"
"155","AT3G18660","SGLEAAGWQIR",1,NA,NA,NA,0.42,0.48,"SGSTRDLVILVDDNISGYHR","GYHR","TIQ","TIQRIRNPKAEKDAYNEWNYS","GYHR.SGLEAAGWQIR.TIQ",11,18,"fully_representative",TRUE,"quantifiable",TRUE,368,TRUE,"GYHRSGLEAAGWQIRTIQ"
"156","AT3G18660","TLENIEEGR",0,NA,NA,NA,0.4,0.46,"RRQDPRYFSDLDINWDDVTK","DVTK","TIG","TIGVLNFDSNEIQRWREVSKS","DVTK.TLENIEEGR.TIG",9,16,"fully_representative",FALSE,"quantifiable",TRUE,129,TRUE,"DVTKTLENIEEGRTIG"
"157","AT3G18660","YFSDLDINWDDVTK",4,NA,NA,NA,0.48,0.4,"YHHSLSHSSSRWIWRRQDPR","QDPR","TLE","TLENIEEGRTIGVLNFDSNEI","YFSDLDINWDDVTK",14,14,"no_overhangs",TRUE,"quantifiable",TRUE,115,TRUE,"YFSDLDINWDDVTK"
"158","AT3G18660","TIGVLNFDSNEIQR",4,NA,NA,NA,0.46,0.47,"DLDINWDDVTKTLENIEEGR","EEGR","WREVS","WREVSKSKDNGDEEKVVVLNL","TIGVLNFDSNEIQR",14,14,"no_overhangs",TRUE,"quantifiable",TRUE,138,TRUE,"TIGVLNFDSNEIQR"
"159","AT3G18660","DLVILVDDNISGYHR",4,NA,NA,NA,0.49,0.42,"VYVCGAIAAAQSIRQSGSTR","GSTR","SGL","SGLEAAGWQIRTIQRIRNPKA","DLVILVDDNISGYHR",15,15,"no_overhangs",TRUE,"quantifiable",TRUE,353,TRUE,"DLVILVDDNISGYHR"
"160","AT3G28180","GNPELGLVQAR",4,NA,16,1,0.43,0.42,"FDADFTPNPDFLKKTVPHFK","PHFK","WSF","WSFVNKDENLLTRLQNINLCF","PHFK.GNPELGLVQAR.WSF",11,18,"fully_representative",TRUE,"quantifiable",TRUE,316,TRUE,"PHFKGNPELGLVQARWSF"
"161","AT3G28180","NINEEEDPK",0,NA,4,NA,0.38,0.53,"ISCLSWLVSSVKKRIAFSAK","FSAK","SRGKQMY","SRGKQMYRFIKACLVISIIAL","FSAK.NINEEEDPK.SRGKQMY",9,20,"fully_representative",FALSE,"quantifiable",TRUE,73,TRUE,"FSAKNINEEEDPKSRGKQMY"
"162","AT3G28180","SDYIAPLVISLSR",4,NA,NA,NA,0.48,0.42,"PSWEVYGLVEWSYMAWLSFR","LSFR","FCT","FCTVLFLIQSLDRLVLCLGCF","LSFR.SDYIAPLVISLSR.FCT",13,20,"fully_representative",TRUE,"quantifiable",TRUE,141,TRUE,"LSFRSDYIAPLVISLSRFCT"
"163","AT3G28180","FCTVLFLIQSLDR",2,NA,NA,NA,0.42,0.49,"MAWLSFRSDYIAPLVISLSR","SLSR","LVL","LVLCLGCFWIKFKKIEPKLTE","SLSR.FCTVLFLIQSLDR.LVL",13,20,"fully_representative",TRUE,"quantifiable",TRUE,154,TRUE,"SLSRFCTVLFLIQSLDRLVL"
"164","AT3G28180","ANLIFLFFLLR",2,NA,NA,NA,0.67,0.62,"QLFRLCLPSIIKSKISVWKK","SVWKK","KLIL","KLILPFYSFTLFCIILPLTMF","SVWKK.ANLIFLFFLLR.KLIL",11,20,"fully_representative",FALSE,"quantifiable",TRUE,457,TRUE,"SVWKKANLIFLFFLLRKLIL"
"165","AT3G28180","LCLPSIIK",1,NA,NA,NA,0.42,0.43,"YEAYKKQQHRWHSGPMQLFR","QLFR","SKISV","SKISVWKKANLIFLFFLLRKL","QLFR.LCLPSIIK.SKISV",8,17,"fully_representative",TRUE,"quantifiable",TRUE,441,TRUE,"QLFRLCLPSIIKSKISV"
"166","AT3G50220","AHEAGELVTAAK",3,NA,NA,NA,0.39,0.46,"AYFEEIHPEIDVFDVQYTTK","YTTK","EAA","EAAGNECRPVQNLLFSDCKLG","YTTK.AHEAGELVTAAK.EAA",12,19,"fully_representative",TRUE,"quantifiable",TRUE,178,TRUE,"YTTKAHEAGELVTAAKEAA"
"167","AT3G50220","TVFIEENR",2,NA,NA,NA,NA,NA,"LVFGLTHETLLWKSLNHNGR","HNGR","YYA","YYAAYFEEIHPEIDVFDVQYT","HNGR.TVFIEENR.YYA",8,15,"fully_representative",TRUE,"not_proteotypic",FALSE,147,TRUE,"HNGRTVFIEENRYYA"
"168","AT3G50220","LILLHPYIQK",1,NA,NA,NA,0.38,0.42,"MKNGSGNTNTK","TNTK","QTS","QTSTTRLWLLAFVSFFTIVFL","TNTK.LILLHPYIQK.QTS",10,17,"fully_representative",TRUE,"quantifiable",TRUE,12,TRUE,"TNTKLILLHPYIQKQTS"
"169","AT3G50220","GDAHEGPGR",1,NA,NA,NA,0.5,0.46,"DLPNHVYDVDWDVIFVDGPR","DGPR","MSS","MSSIFTAAVLARSKKGGTPKT","DGPR.GDAHEGPGR.MSS",9,16,"fully_representative",TRUE,"quantifiable",TRUE,233,TRUE,"DGPRGDAHEGPGRMSS"
"170","AT3G50220","THVFVHDYYR",1,NA,NA,NA,NA,NA,"MSSIFTAAVLARSKKGGTPK","GTPK","DVE","DVERLCGDEFLCRENLVESND","GTPK.THVFVHDYYR.DVE",10,17,"fully_representative",TRUE,"not_proteotypic",FALSE,262,TRUE,"GTPKTHVFVHDYYRDVE"
"171","AT3G50220","LCGDEFLCR",1,NA,NA,NA,NA,NA,"KGGTPKTHVFVHDYYRDVER","DVER","ENL","ENLVESNDLLAHYVLDKMDKN","DVER.LCGDEFLCR.ENL",9,16,"fully_representative",TRUE,"not_proteotypic",FALSE,276,TRUE,"DVERLCGDEFLCRENL"
"172","AT3G50220","CAPPCNLLVFGLTHETLLWK",4,NA,NA,NA,0.67,0.37,"NDSFHMSYGEMKSISDVLRR","DVLRR","SLN","SLNHNGRTVFIEENRYYAAYF","CAPPCNLLVFGLTHETLLWK",20,20,"no_overhangs",TRUE,"too_long",TRUE,120,TRUE,"CAPPCNLLVFGLTHETLLWK"
"173","AT3G50220","ENLVESNDLLAHYVLDK",4,NA,NA,NA,0.46,0.76,"FVHDYYRDVERLCGDEFLCR","FLCR","MDK","MDKNSTKFCNGRKKRSVSSLS","ENLVESNDLLAHYVLDK",17,17,"no_overhangs",TRUE,"starts_E",TRUE,285,TRUE,"ENLVESNDLLAHYVLDK"
"174","AT3G55990","DVAEPVQEEVSK",3,NA,NA,NA,0.58,0.68,"NSDPIQESIKNADSVQDSVK","DSVK","TEE","TEEVKKIELFAATEDEEDVEL","DSVK.DVAEPVQEEVSK.TEE",12,19,"fully_representative",TRUE,"quantifiable",TRUE,103,TRUE,"DSVKDVAEPVQEEVSKTEE"
"175","AT3G55990","NADSVQDSVK",2,NA,NA,NA,0.44,0.58,"TTLPVQESIKNSDPIQESIK","ESIK","DVA","DVAEPVQEEVSKTEEVKKIEL","ESIK.NADSVQDSVK.DVA",10,17,"fully_representative",TRUE,"quantifiable",TRUE,93,TRUE,"ESIKNADSVQDSVKDVA"
"176","AT3G55990","SLDWENPDGIK",2,NA,NA,NA,0.36,0.44,"NIDPLRTTVFFASMSPLHIK","LHIK","CAL","CALETTPILNMSMPFSVGTDY","LHIK.SLDWENPDGIK.CAL",11,18,"fully_representative",TRUE,"quantifiable",TRUE,373,TRUE,"LHIKSLDWENPDGIKCAL"
"177","AT3G55990","NSDPIQESIK",1,NA,NA,NA,0.44,0.44,"HDEATPITEITTLPVQESIK","ESIK","NAD","NADSVQDSVKDVAEPVQEEVS","ESIK.NSDPIQESIK.NAD",10,17,"fully_representative",TRUE,"quantifiable",TRUE,83,TRUE,"ESIKNSDPIQESIKNAD"
"178","AT3G55990","TGSLSVFR",1,NA,NA,NA,0.49,0.46,"ESMVCLVQSVVPPGRKSLNK","SLNK","VED","VEDYNATVEFYWAPFLVESNS","SLNK.TGSLSVFR.VED",8,15,"fully_representative",TRUE,"quantifiable",TRUE,243,TRUE,"SLNKTGSLSVFRVED"
"179","AT3G55990","TWGDWVER",1,NA,NA,NA,0.67,0.44,"KGDTEYEEIERPVAYRRVMR","VAYRRVMR","NID","NIDPLRTTVFFASMSPLHIKS","VAYRRVMR.TWGDWVER.NID",8,19,"fully_representative",TRUE,"quantifiable",TRUE,345,TRUE,"VAYRRVMRTWGDWVERNID"
"180","AT3G57420","TVVILSSR",1,NA,2,NA,0.44,0.74,"NGPVERTALEWRLLYGRIFK","LYGRIFK","KNSD","KNSDLYVQEAKLDHIYKRLPK","LYGRIFK.TVVILSSR.KNSD",8,19,"fully_representative",FALSE,"quantifiable",TRUE,540,TRUE,"LYGRIFKTVVILSSRKNSD"
"181","AT3G57420","HFDVELVGEDAR",4,NA,1,NA,0.42,0.7,"AKKIFDADDRGEVIDGDLGK","DLGK","QEP","QEPILQYSHENPNRTVVNPYI","DLGK.HFDVELVGEDAR.QEP",12,19,"fully_representative",TRUE,"quantifiable",TRUE,211,TRUE,"DLGKHFDVELVGEDARQEP"
"182","AT3G57420","DLHINVGR",2,NA,1,NA,0.52,0.54,"YPPTVHRYDRVEAYPFSDEK","SDEK","LIK","LIKFLLAWRSNKHRFFETILD","SDEK.DLHINVGR.LIK",8,15,"fully_representative",TRUE,"quantifiable",TRUE,394,TRUE,"SDEKDLHINVGRLIK"
"183","AT3G57420","VEAYPFSDEK",3,NA,NA,NA,0.85,0.52,"LWELGGYVAVYPPTVHRYDR","TVHRYDR","DLH","DLHINVGRLIKFLLAWRSNKH","TVHRYDR.VEAYPFSDEK.DLH",10,20,"fully_representative",TRUE,"quantifiable",TRUE,384,TRUE,"TVHRYDRVEAYPFSDEKDLH"
"184","AT3G57420","TSPYASFR",2,NA,NA,NA,0.49,0.69,"LQSLTRPQINWNSIQIVSDK","VSDK","TEK","TEKWIVVSVTKHPTEELKGLV","VSDK.TSPYASFR.TEK",8,15,"fully_representative",FALSE,"quantifiable",TRUE,100,TRUE,"VSDKTSPYASFRTEK"
"185","AT3G57420","GWQVLAIGNSLTPK",4,NA,NA,NA,0.67,0.43,"IVVSVTKHPTEELKGLVKIK","GLVKIK","DWN","DWNLKGAIFLSLDAQAELNYR","GWQVLAIGNSLTPK",14,14,"no_overhangs",TRUE,"quantifiable",TRUE,132,TRUE,"GWQVLAIGNSLTPK"
"186","AT3G57420","GAIFLSLDAQAELNYR",4,NA,NA,NA,0.39,0.43,"KGWQVLAIGNSLTPKDWNLK","WNLK","ILD","ILDHLPYDSFVRKSVGYLFAI","GAIFLSLDAQAELNYR",16,16,"no_overhangs",TRUE,"quantifiable",TRUE,151,TRUE,"GAIFLSLDAQAELNYR"
"187","AT3G57420","LLWELGGYVAVYPPTVHR",4,NA,NA,NA,0.43,0.47,"LPVSVSSMASDVIRGYWGQR","WGQR","YDR","YDRVEAYPFSDEKDLHINVGR","LLWELGGYVAVYPPTVHR",18,18,"no_overhangs",TRUE,"quantifiable",TRUE,363,TRUE,"LLWELGGYVAVYPPTVHR"
"188","AT3G57420","ILDFSSWVSDNVYR",3,NA,NA,NA,0.35,0.44,"KPPKSRIRELPSRDRFAEPK","AEPK","IVI","IVIIFLFIVTVAAFFFLYNTT","ILDFSSWVSDNVYR",14,14,"no_overhangs",TRUE,"quantifiable",TRUE,30,TRUE,"ILDFSSWVSDNVYR"
"189","AT3G57630","GFSEAEIQFR",3,NA,NA,NA,0.45,0.43,"ESFAVRVNEDDIPNLINTLR","NTLR","LGN","LGNVKELWQRFLFRDSILLEA","NTLR.GFSEAEIQFR.LGN",10,17,"fully_representative",TRUE,"quantifiable",TRUE,698,TRUE,"NTLRGFSEAEIQFRLGN"
"190","AT3G57630","LAEEFGSSPNK",2,NA,NA,NA,0.62,0.66,"GPAYEKGRPEDSYSMGIRQK","MGIRQK","EGK","EGKLGKQHAEDVIVTPLRSDN","MGIRQK.LAEEFGSSPNK.EGK",11,20,"fully_representative",TRUE,"quantifiable",TRUE,596,TRUE,"MGIRQKLAEEFGSSPNKEGK"
"191","AT3G57630","DSILLEAER",2,NA,NA,NA,0.66,0.72,"AEIQFRLGNVKELWQRFLFR","FLFR","QKATY","QKATYGHEEDWAVQFSKLKHD","FLFR.DSILLEAER.QKATY",9,18,"fully_representative",TRUE,"quantifiable",TRUE,722,TRUE,"FLFRDSILLEAERQKATY"
"192","AT3G57630","YDCLWGR",1,NA,NA,NA,0.46,0.41,"VDPEDAYAMKVKIKEECDCK","CDCK","FCE","FCEIPVQCTCVNQCSGHGKCR","CDCK.YDCLWGR.FCE",7,14,"fully_representative",FALSE,"quantifiable",TRUE,261,TRUE,"CDCKYDCLWGRFCE"
"193","AT3G57630","WVVSICSR",0,NA,NA,NA,0.4,0.43,"SQKLRLDCNYEKTPEMPYGK","PYGK","HCD","HCDTTRAMCFCGEGTKYPNRP","PYGK.WVVSICSR.HCD",8,15,"fully_representative",FALSE,"quantifiable",TRUE,170,TRUE,"PYGKWVVSICSRHCD"
"194","AT3G57630","GGFCQCDK",0,NA,NA,NA,0.58,0.5,"CEIPVQCTCVNQCSGHGKCR","GHGKCR","GWF","GWFGTDCSIPSTLSTVGEWPQ","GHGKCR.GGFCQCDK.GWF",8,17,"fully_representative",FALSE,"quantifiable",TRUE,289,TRUE,"GHGKCRGGFCQCDKGWF"
"195","AT3G57630","VNEDDIPNLINTLR",4,NA,NA,NA,0.41,0.45,"QDGIYLPYENMLNYESFAVR","FAVR","GFS","GFSEAEIQFRLGNVKELWQRF","VNEDDIPNLINTLR",14,14,"no_overhangs",TRUE,"quantifiable",TRUE,684,TRUE,"VNEDDIPNLINTLR"
"196","AT3G57630","ATYGHEEDWAVQFSK",4,NA,NA,NA,0.56,0.39,"ELWQRFLFRDSILLEAERQK","EAERQK","LKHDD","LKHDDIFATIIQTLHFKLHND","ATYGHEEDWAVQFSK",15,15,"no_overhangs",TRUE,"quantifiable",TRUE,733,TRUE,"ATYGHEEDWAVQFSK"
"197","AT3G57630","HDDIFATIIQTLHFK",3,NA,NA,NA,0.82,0.43,"RQKATYGHEEDWAVQFSKLK","QFSKLK","LHN","LHNDPWRREQAVNRTKDYGLP","HDDIFATIIQTLHFK",15,15,"no_overhangs",TRUE,"quantifiable",TRUE,750,TRUE,"HDDIFATIIQTLHFK"
"198","AT3G57630","AEIGQWLSSCDAVAK",2,NA,NA,NA,0.51,0.45,"DRRFPADSHGAVVYRNASWK","ASWK","EVD","EVDIIEPIGGRKCMSDCSGQG","AEIGQWLSSCDAVAK",15,15,"no_overhangs",TRUE,"quantifiable",TRUE,94,TRUE,"AEIGQWLSSCDAVAK"
"199","AT3G61130","VLGEATSDADLPR",4,NA,46,0.31,0.57,0.41,"LKNKNDLLQELQARLKDSQR","DSQR","SAH","SAHEKLRAMGQVLAKAKMQLY","DSQR.VLGEATSDADLPR.SAH",13,20,"fully_representative",TRUE,"quantifiable",TRUE,257,TRUE,"DSQRVLGEATSDADLPRSAH"
"200","AT3G61130","SVDSAVLGK",2,NA,43,0.009,0.5,0.36,"VQHNDDTILKLENAAIERSK","AIERSK","YSI","YSIWRRENENDNSDSNIRLMR","AIERSK.SVDSAVLGK.YSI",9,18,"fully_representative",TRUE,"quantifiable",TRUE,193,TRUE,"AIERSKSVDSAVLGKYSI"
"201","AT3G61130","ATIHVENVDEFK",4,NA,2,0.009,0.42,0.46,"TDKLNFGAMNMWFLLNPPGK","PPGK","WLN","WLNSSYCPVLRQLESAAMREY","PPGK.ATIHVENVDEFK.WLN",12,19,"fully_representative",TRUE,"quantifiable",TRUE,420,TRUE,"PPGKATIHVENVDEFKWLN"
"202","AT3G61130","DLTPLWEVNLNGK",4,NA,2,0.069,0.44,0.42,"EVYPKLNKILFLDDDIIVQK","IVQK","VNG","VNGAVETCGESFHRFDKYLNF","IVQK.DLTPLWEVNLNGK.VNG",13,20,"fully_representative",TRUE,"quantifiable",TRUE,506,TRUE,"IVQKDLTPLWEVNLNGKVNG"
"203","AT3G61130","WLNSSYCPVLR",3,NA,NA,NA,0.46,0.42,"FLLNPPGKATIHVENVDEFK","DEFK","QLE","QLESAAMREYYFKADHPTSGS","DEFK.WLNSSYCPVLR.QLE",11,18,"fully_representative",FALSE,"quantifiable",TRUE,432,TRUE,"DEFKWLNSSYCPVLRQLE"
"204","AT3G61130","HSENPATPDVK",2,NA,NA,NA,0.45,0.39,"FKKNNLSASWRGTGVDPSFR","PSFR","SNN","SNNLNEKRDSISKDSIHQKVE","PSFR.HSENPATPDVK.SNN",11,18,"fully_representative",FALSE,"quantifiable",TRUE,119,TRUE,"PSFRHSENPATPDVKSNN"
"205","AT3G61130","ILFLDDDIIVQK",3,NA,7,0.319,0.49,0.44,"LSMLNHLRFYLPEVYPKLNK","VYPKLNK","DLT","DLTPLWEVNLNGKVNGAVETC","PKLNK.ILFLDDDIIVQK.DLT",12,20,"N_overhang_shortened",TRUE,"quantifiable",TRUE,494,TRUE,"PKLNKILFLDDDIIVQKDLT"
"206","AT3G62720","LFVDEGDEEK",1,1597,19,NA,0.44,0.53,"TSSEDGGNGGNSYETFDINK","DINK","SRDRTNK","SRDRTNKPYSLGPKISDWDEQ","DINK.LFVDEGDEEK.SRDRTN",10,20,"C_overhang_shortened",TRUE,"quantifiable",TRUE,99,TRUE,"DINKLFVDEGDEEKSRDRTN"
"207","AT3G62720","DEFGLLHPPFK",3,NA,6,0.25,0.62,0.45,"LGSRRVKPTRNQTDRPLDAK","LDAK","AAK","AAKLSTTTT","LDAK.DEFGLLHPPFK.AAK",11,18,"fully_representative",TRUE,"quantifiable",TRUE,441,TRUE,"LDAKDEFGLLHPPFKAAK"
"208","AT3G62720","VLVEVSSK",0,NA,2,NA,0.45,0.4,"DIEEIREHFFYTRKRGEPHR","EPHR","TTS","TTSSEDGGNGGNSYETFDINK","EPHR.VLVEVSSK.TTS",8,15,"fully_representative",TRUE,"quantifiable",TRUE,70,TRUE,"EPHRVLVEVSSKTTS"
"209","AT3G62720","EHFFYTR",1,NA,NA,NA,0.64,0.56,"RGTIGAGKFGTPEKDIEEIR","EEIR","KRGEP","KRGEPHRVLVEVSSKTTSSED","EEIR.EHFFYTR.KRGEP",7,16,"fully_representative",TRUE,"starts_E",TRUE,56,TRUE,"EEIREHFFYTRKRGEP"
"210","AT3G62720","GTIGAGK",0,NA,NA,NA,0.44,0.43,"FMRQGKVTILCLVLTVIVLR","IVLR","FGT","FGTPEKDIEEIREHFFYTRKR","IVLR.GTIGAGK.FGT",7,14,"fully_representative",FALSE,"quantifiable",TRUE,37,TRUE,"IVLRGTIGAGKFGT"
"211","AT3G62720","VTILCLVLTVIVLR",2,NA,NA,NA,0.5,0.44,"EKCIGAHRFRRLQRFMRQGK","GAHRFRRLQRFMRQGK","GTI","GTIGAGKFGTPEKDIEEIREH","VTILCLVLTVIVLR",14,14,"no_overhangs",TRUE,"quantifiable",TRUE,23,TRUE,"VTILCLVLTVIVLR"
"212","AT4G02500","DELGLLHPAFK",4,NA,9,0.409,0.76,0.45,"LASRKVKRVRNETSNPLEMK","LEMK","AVK","AVKVQTNQV","LEMK.DELGLLHPAFK.AVK",11,18,"fully_representative",TRUE,"quantifiable",TRUE,442,TRUE,"LEMKDELGLLHPAFKAVK"
"213","AT4G02500","FGTPEQDLDEIR",4,NA,1,0.182,0.43,0.47,"TILCLLLTVVVLRSTIGAGK","GAGK","QHF","QHFHARKRGEPHRVLEEIQTG","GAGK.FGTPEQDLDEIR.QHF",12,19,"fully_representative",TRUE,"quantifiable",TRUE,44,TRUE,"GAGKFGTPEQDLDEIRQHF"
"214","AT4G02500","STIGAGK",0,NA,NA,NA,0.44,0.43,"ALRQLKVTILCLLLTVVVLR","VVLR","FGT","FGTPEQDLDEIRQHFHARKRG","VVLR.STIGAGK.FGT",7,14,"fully_representative",FALSE,"quantifiable",TRUE,37,TRUE,"VVLRSTIGAGKFGT"
"215","AT4G02500","NPSFPNFIGPNKPR",2,2861,4,0.091,0.42,0.52,"YTLGPKISDWDEQRSDWLAK","WLAK","VLL","VLLVTGSAPKPCENPVGDHYL","NPSFPNFIGPNKPR",14,14,"no_overhangs",TRUE,"missed_cleavage",TRUE,138,TRUE,"NPSFPNFIGPNKPR"
"216","AT4G02500","AFNFGDNQILQIYGFTHK",4,NA,3,0.045,0.68,0.38,"KPCGKFGDYPVERCLKQMDR","QMDR","SLA","SLASRKVKRVRNETSNPLEMK","AFNFGDNQILQIYGFTHK",18,18,"no_overhangs",TRUE,"quantifiable",TRUE,403,TRUE,"AFNFGDNQILQIYGFTHK"
"217","AT4G02500","VTILCLLLTVVVLR",2,NA,NA,NA,0.47,0.44,"ERCLGAYRCRRIQRALRQLK","GAYRCRRIQRALRQLK","STI","STIGAGKFGTPEQDLDEIRQH","VTILCLLLTVVVLR",14,14,"no_overhangs",TRUE,"quantifiable",TRUE,23,TRUE,"VTILCLLLTVVVLR"
"218","AT4G09990","ASFSSNSTATIR",2,NA,NA,NA,0.74,0.65,"SKLIFICCSILVLFILFLKR","LFLKR","DEY","DEYHQKSKCPSTPQQCTKLPT","LFLKR.ASFSSNSTATIR.DEY",12,20,"fully_representative",TRUE,"quantifiable",TRUE,31,TRUE,"LFLKRASFSSNSTATIRDEY"
"219","AT4G09990","CPSTPQQCTK",2,NA,NA,NA,0.71,0.46,"ASFSSNSTATIRDEYHQKSK","YHQKSK","LPT","LPTSLSDALVHYVTSEITPQQ","YHQKSK.CPSTPQQCTK.LPT",10,19,"fully_representative",TRUE,"quantifiable",TRUE,51,TRUE,"YHQKSKCPSTPQQCTKLPT"
"220","AT4G09990","HFNIPSHR",0,NA,NA,NA,0.6,0.43,"EFSVAFLCGGYMKEQQGRLR","QQGRLR","ASF","ASFGTPFCPADISRRF","QQGRLR.HFNIPSHR.ASF",8,17,"fully_representative",TRUE,"quantifiable",TRUE,267,TRUE,"QQGRLRHFNIPSHRASF"
"221","AT4G09990","ASFGTPFCPADISR",4,NA,NA,NA,0.43,0.83,"GGYMKEQQGRLRHFNIPSHR","PSHR","RF","RF","ASFGTPFCPADISR",14,14,"no_overhangs",TRUE,"at_protein_C_term",TRUE,275,TRUE,"ASFGTPFCPADISR"
"222","AT4G09990","TLFLEEDEAWIETVTK",3,NA,NA,NA,0.43,0.53,"LVFGLGHDSLMWASLNHGGR","HGGR","KFPN","KFPNLESYHVVYDTKVKDSNK","TLFLEEDEAWIETVTK",16,16,"no_overhangs",TRUE,"quantifiable",TRUE,122,TRUE,"TLFLEEDEAWIETVTK"
"223","AT4G09990","LIFICCSILVLFILFLK",0,NA,NA,NA,0.36,0.56,"MRNKSQSFISSK","ISSK","RASF","RASFSSNSTATIRDEYHQKSK","LIFICCSILVLFILFLK",17,17,"no_overhangs",FALSE,"quantifiable",TRUE,13,TRUE,"LIFICCSILVLFILFLK"
"224","AT4G16120","EIIDNEFLPR",4,3463.5,59,0.009,0.63,0.65,"QKGTNVLQVCCIPDPDYDNR","YDNR","KDGD","KDGDLTIMYDVVRSYSSNYMA","YDNR.EIIDNEFLPR.KDGD",10,18,"fully_representative",TRUE,"starts_E",TRUE,205,TRUE,"YDNREIIDNEFLPRKDGD"
"225","AT4G16120","FESVITVLNHGR",3,NA,11,NA,0.55,0.96,"YTHTKGSKIPPNDTANQPYR","QPYR","DEL","DELKSWRVFVKFAHREILVSA","QPYR.FESVITVLNHGR.DEL",12,19,"fully_representative",TRUE,"quantifiable",TRUE,73,TRUE,"QPYRFESVITVLNHGRDEL"
"226","AT4G16120","NAAPGFEK",0,NA,8,NA,0.4,0.35,"TVFNWGETDFVDWFTAVQMK","VQMK","AYS","AYSFNASTIGINGKNNTIFME","VQMK.NAAPGFEK.AYS",8,15,"fully_representative",FALSE,"quantifiable",TRUE,539,TRUE,"VQMKNAAPGFEKAYS"
"227","AT4G16120","DGENPLK",0,NA,4,NA,0.62,0.6,"KNNTIFMEGLPGLNYLVAER","VAER","NPR","NPRIPGKQQSVMSFTKKLTPG","VAER.DGENPLK.NPR",7,14,"fully_representative",FALSE,"quantifiable",TRUE,580,TRUE,"VAERDGENPLKNPR"
"228","AT4G16120","NITLATDGWK",3,NA,NA,NA,0.35,0.68,"RVELVGTQFGVAPPNVPLPK","PLPK","CPK","CPKATQKGTNVLQVCCIPDPD","PLPK.NITLATDGWK.CPK",10,17,"fully_representative",TRUE,"quantifiable",TRUE,170,TRUE,"PLPKNITLATDGWKCPK"
"229","AT4G16120","INGTLNPDYK",2,NA,NA,NA,0.42,0.42,"VYKMPPDLNISALSPPQNWR","QNWR","CGP","CGPPVRVSPSQFVDPSGLPSN","QNWR.INGTLNPDYK.CGP",10,17,"fully_representative",FALSE,"quantifiable",TRUE,368,TRUE,"QNWRINGTLNPDYKCGP"
"230","AT4G16120","VELVGTQFGVAPPNVPLPK",4,3599.5,60,0.66,0.44,0.35,"SSDLKSAIQTAGDVTQMQAR","MQAR","NIT","NITLATDGWKCPKATQKGTNV","VELVGTQFGVAPPNVPLPK",19,19,"no_overhangs",TRUE,"too_long",TRUE,151,TRUE,"VELVGTQFGVAPPNVPLPK"
"231","AT4G16120","HYQDLDFSNVLSCAR",4,1926,1,NA,0.37,0.52,"KGAYPSIVDSSDCVDGPQAK","PQAK","RPTV","RPTVIDLPPTKYNDSTFGLIP","HYQDLDFSNVLSCAR",15,15,"no_overhangs",TRUE,"quantifiable",TRUE,287,TRUE,"HYQDLDFSNVLSCAR"
"232","AT4G16120","VSPSQFVDPSGLPSNR",4,NA,NA,0.019,0.44,0.44,"QNWRINGTLNPDYKCGPPVR","PPVR","TAF","TAFASWQVVCNITQPKDASPR","VSPSQFVDPSGLPSNR",16,16,"no_overhangs",TRUE,"quantifiable",TRUE,384,TRUE,"VSPSQFVDPSGLPSNR"
"233","AT4G16120","AYSFNASTIGINGK",4,NA,NA,NA,0.35,0.41,"DFVDWFTAVQMKNAAPGFEK","GFEK","NNT","NNTIFMEGLPGLNYLVAERDG","AYSFNASTIGINGK",14,14,"no_overhangs",TRUE,"quantifiable",TRUE,547,TRUE,"AYSFNASTIGINGK"
"234","AT4G32410","APEFYFAQK",1,3788,30,0.188,0.48,0.46,"TAEFAKKWVPFCKKFNIEPR","IEPR","IDY","IDYLKDKIQPSFVKERRAMKR","IEPR.APEFYFAQK.IDY",9,16,"fully_representative",TRUE,"quantifiable",TRUE,428,TRUE,"IEPRAPEFYFAQKIDY"
"235","AT4G32410","NAISSPYIDPR",3,1377,2,0.042,0.52,0.49,"RTPDTQSVRTTSGPLGPSDR","PSDR","QPV","QPVPVRIVDPSKDLNSYGLGN","PSDR.NAISSPYIDPR.QPV",11,18,"fully_representative",TRUE,"quantifiable",TRUE,176,TRUE,"PSDRNAISSPYIDPRQPV"
"236","AT4G32410","VVPIPSSR",2,NA,10,NA,0.43,0.44,"TGSNGEELQMADDTRLPMSR","PMSR","LTP","LTPYRVVIILRLIILCFFLQY","PMSR.VVPIPSSR.LTP",8,15,"fully_representative",TRUE,"quantifiable",TRUE,263,TRUE,"PMSRVVPIPSSRLTP"
"237","AT4G32410","TTSGPLGPSDR",2,NA,1,0.021,0.41,0.52,"LTHGHTVSGEIRTPDTQSVR","QSVR","NAI","NAISSPYIDPRQPVPVRIVDP","QSVR.TTSGPLGPSDR.NAI",11,18,"fully_representative",TRUE,"quantifiable",TRUE,165,TRUE,"QSVRTTSGPLGPSDRNAI"
"238","AT4G32410","LIILCFFLQYR",1,NA,NA,NA,0.45,0.42,"RVVPIPSSRLTPYRVVIILR","IILR","TTH","TTHPVKNAYPLWLTSVICEIW","IILR.LIILCFFLQYR.TTH",11,18,"fully_representative",FALSE,"quantifiable",TRUE,282,TRUE,"IILRLIILCFFLQYRTTH"
"239","AT4G32410","WSGVSIEDWWR",1,NA,NA,NA,0.44,0.53,"SIWFILLFISIAVTGILELR","LELR","NEQ","NEQFWVIGGTSAHLFAVFQGL","LELR.WSGVSIEDWWR.NEQ",11,18,"fully_representative",FALSE,"quantifiable",TRUE,912,TRUE,"LELRWSGVSIEDWWRNEQ"
"240","AT4G32410","ATDEDGDFAELYIFK",4,NA,NA,0.292,0.39,0.43,"FQGLLKVLAGIDTNFTVTSK","VTSK","WTA","WTALLIPPTTVLLVNLIGIVA","ATDEDGDFAELYIFK",15,15,"no_overhangs",TRUE,"quantifiable",TRUE,960,TRUE,"ATDEDGDFAELYIFK"
"241","AT4G33330","YGETVHIHFER",3,NA,NA,NA,0.57,0.58,"GKTKIGMVNMEECDLTNWKR","TNWKR","VSK","VSKLFKWQDLFPEWIDEEEET","TNWKR.YGETVHIHFER.VSK",11,19,"fully_representative",TRUE,"quantifiable",TRUE,127,TRUE,"TNWKRYGETVHIHFERVSK"
"242","AT4G33330","DSYNEYNYSK",2,NA,NA,NA,0.49,0.4,"AAAGWKLRRIIRIRNPLAEK","LAEK","FRLWQ","FRLWQLTDYDKVIFIDADIIV","LAEK.DSYNEYNYSK.FRLWQ",10,19,"fully_representative",TRUE,"quantifiable",TRUE,370,TRUE,"LAEKDSYNEYNYSKFRLWQ"
"243","AT4G33330","VIFIDADIIVLR",2,NA,NA,NA,0.53,0.43,"SYNEYNYSKFRLWQLTDYDK","DYDK","NLD","NLDLLFHFPQMSATGNDVWIY","DYDK.VIFIDADIIVLR.NLD",12,19,"fully_representative",TRUE,"quantifiable",TRUE,391,TRUE,"DYDKVIFIDADIIVLRNLD"
"244","AT4G33330","LDLVVVK",0,NA,NA,NA,0.48,0.47,"ETEVPTCPEIPMPDFESLEK","SLEK","LPC","LPCNYPEEGWRREVLRLQVNL","SLEK.LDLVVVK.LPC",7,14,"fully_representative",FALSE,"quantifiable",TRUE,177,TRUE,"SLEKLDLVVVKLPC"
"245","AT4G33330","NFWSNTTK",0,NA,NA,NA,0.38,0.44,"YLNEIFVWWHRLPRRVNFLK","NFLK","ERNIK","ERNIKNNLFAAEPPQVYAVHY","NFLK.NFWSNTTK.ERNIK",8,17,"fully_representative",FALSE,"quantifiable",TRUE,477,TRUE,"NFLKNFWSNTTKERNIK"
"246","AT4G33330","CLAFDEK",0,NA,NA,NA,0.38,0.49,"TDPRRRPNINFRMVSAQLEK","QLEK","GIK","GIKVINLAEEMENTL","QLEK.CLAFDEK.GIK",7,14,"fully_representative",FALSE,"quantifiable",TRUE,605,TRUE,"QLEKCLAFDEKGIK"
"247","AT4G33330","DLILLHDDSISITK",3,NA,NA,NA,0.81,0.4,"SYVCGAITLAQSLLQTNTKR","TNTKR","LRALA","LRALAAAGWKLRRIIRIRNPL","DLILLHDDSISITK",14,14,"no_overhangs",TRUE,"quantifiable",TRUE,332,TRUE,"DLILLHDDSISITK"
"248","AT4G36890","TIHVGIDQR",1,NA,4,NA,0.59,0.44,"VEAGGATNETGLIIAKSGLR","SGLR","MPN","MPNTWEDRSKLEVFMRLQALR","SGLR.TIHVGIDQR.MPN",9,16,"fully_representative",TRUE,"quantifiable",TRUE,217,TRUE,"SGLRTIHVGIDQRMPN"
"249","AT4G36890","LEWSGFVLNSR",4,NA,2,0.053,0.65,0.44,"PYAGKSAVYIDDVAAVLPQK","LPQK","LLW","LLWEEAENKPEWVKDFGSLNE","LPQK.LEWSGFVLNSR.LLW",11,18,"fully_representative",TRUE,"quantifiable",TRUE,361,TRUE,"LPQKLEWSGFVLNSRLLW"
"250","AT4G36890","HLDVHTIGR",1,NA,1,0.026,0.4,0.41,"FSTSSTNLYSLPFRPDLPVK","LPVK","TLD","TLDPGANGTTVVATATKSSRV","LPVK.HLDVHTIGR.TLD",9,16,"fully_representative",TRUE,"quantifiable",TRUE,87,TRUE,"LPVKHLDVHTIGRTLD"
"251","AT4G36890","AHQIIGR",0,NA,NA,NA,0.43,0.56,"GRHGIRIRPWPHPNPVEVMK","EVMK","VQK","VQKEQKMIFGMKSSKMVIAVT","EVMK.AHQIIGR.VQK",7,14,"fully_representative",FALSE,"quantifiable",TRUE,139,TRUE,"EVMKAHQIIGRVQK"
"252","AT4G36890","SAVYIDDVAAVLPQK",4,NA,7,NA,0.4,0.65,"NSTDQLIGWHIFNTLPYAGK","YAGK","LEW","LEWSGFVLNSRLLWEEAENKP","SAVYIDDVAAVLPQK",15,15,"no_overhangs",TRUE,"quantifiable",TRUE,346,TRUE,"SAVYIDDVAAVLPQK"
"253","AT4G36890","DFGSLNENEGVESPLSLLK",4,NA,6,0.763,0.5,0.62,"FVLNSRLLWEEAENKPEWVK","EWVK","DPS","DPSMVEPLGSCGRQVLLWWLR","DFGSLNENEGVESPLSLLK",19,19,"no_overhangs",TRUE,"too_long",TRUE,386,TRUE,"DFGSLNENEGVESPLSLLK"
"254","AT4G36890","SPTSLDSSVDGSGK",4,NA,NA,0.158,0.48,0.4,"MKLSALHQSYLNRRSNSFR","NSFR","SLI","SLIAVFWLILHCLCCLISLVL","SPTSLDSSVDGSGK",14,14,"no_overhangs",TRUE,"quantifiable",TRUE,20,TRUE,"SPTSLDSSVDGSGK"
"255","AT5G05170","APEWYFAAK",1,2016.5,9,0.289,0.47,0.43,"TSEFARKWVPFCKKYSIEPR","IEPR","IDY","IDYLKDKVQTSFVKDRRAMKR","IEPR.APEWYFAAK.IDY",9,16,"fully_representative",TRUE,"quantifiable",TRUE,412,TRUE,"IEPRAPEWYFAAKIDY"
"256","AT5G05170","LSVSSTIAGGK",3,NA,NA,0.067,0.46,0.62,"PRLTSRQDTSGEFSAASPER","SPER","RLPY","RLPYSSDVNQSPNRRIVDPVG","SPER.LSVSSTIAGGK.RLPY",11,19,"fully_representative",FALSE,"quantifiable",TRUE,155,TRUE,"SPERLSVSSTIAGGKRLPY"
"257","AT5G05170","WALGSVEILFSR",2,NA,NA,0.089,0.43,0.42,"PAFKGSAPINLSDRLNQVLR","QVLR","HCP","HCPIWYGYNGRLKFLERFAYV","QVLR.WALGSVEILFSR.HCP",12,19,"fully_representative",TRUE,"quantifiable",TRUE,807,TRUE,"QVLRWALGSVEILFSRHCP"
"258","AT5G05170","WSGVGIDEWWR",1,NA,NA,NA,0.44,0.55,"SIWFLSLFLSIFATGILEMR","LEMR","NEQ","NEQFWVIGGVSAHLFAVFQGI","LEMR.WSGVGIDEWWR.NEQ",11,18,"fully_representative",FALSE,"quantifiable",TRUE,897,TRUE,"LEMRWSGVGIDEWWRNEQ"
"259","AT5G05170","LVILCLFLHYR",0,NA,NA,NA,0.45,0.42,"RKVSIPSSRINPYRMVIMLR","IMLR","ITN","ITNPVPNAFALWLVSVICEIW","IMLR.LVILCLFLHYR.ITN",11,18,"fully_representative",FALSE,"quantifiable",TRUE,266,TRUE,"IMLRLVILCLFLHYRITN"
"260","AT5G05170","IDPFTSR",0,NA,NA,NA,0.44,0.42,"TIVVVWSVLLASIFSLLWVR","LWVR","VTG","VTGPDILECGINC","LWVR.IDPFTSR.VTG",7,14,"fully_representative",FALSE,"quantifiable",TRUE,1046,TRUE,"LWVRIDPFTSRVTG"
"261","AT5G05170","ASDEDGDFAELYLFK",3,NA,2,0.022,0.38,0.41,"FQGILKVLAGIDTNFTVTSK","VTSK","WTT","WTTLLIPPTTLLIVNLVGVVA","ASDEDGDFAELYLFK",15,15,"no_overhangs",TRUE,"quantifiable",TRUE,945,TRUE,"ASDEDGDFAELYLFK"
"262","AT5G13500","YENIVR",0,NA,2,NA,0.52,0.6,"NLAVGGFPAAFPFFYITPEK","TPEK","KYYP","KYYPAEMGPVTNIDPIGNSPV","TPEK.YENIVR.KYYP",6,14,"fully_representative",TRUE,"too_short",TRUE,190,TRUE,"TPEKYENIVRKYYP"
"263","AT5G13500","NDPETDK",0,NA,NA,NA,0.49,0.5,"SKESLEKIAPTWMNVSLTMK","LTMK","AFG","AFGWVLEMYGYAIASAIHGVR","LTMK.NDPETDK.AFG",7,14,"fully_representative",FALSE,"quantifiable",TRUE,239,TRUE,"LTMKNDPETDKAFG"
"264","AT5G13500","GELTYGK",0,NA,NA,NA,0.49,0.4,"LSTKGKFIIHYTYGCDYNMK","YNMK","IGE","IGEWRFDKRSHLRGPPPRNMS","YNMK.GELTYGK.IGE",7,14,"fully_representative",FALSE,"quantifiable",TRUE,301,TRUE,"YNMKGELTYGKIGE"
"265","AT5G13500","ALPGSDMGGFTR",4,NA,22,NA,0.86,0.41,"DAPYNKWQCRIMYYWYKQKK","YWYKQKK","ILH","ILHSGNSDNLMDEIPTFVVDP","YKQKK.ALPGSDMGGFTR.ILH",12,20,"N_overhang_shortened",TRUE,"contains_Met",TRUE,91,TRUE,"YKQKKALPGSDMGGFTRILH"
"266","AT5G13500","SSPAPFHVALTATDAPYNK",4,NA,3,NA,0.68,0.46,"DGSPLLDPVVQMPLNIRKAK","LNIRKAK","WQC","WQCRIMYYWYKQKKALPGSDM","SSPAPFHVALTATDAPYNK",19,19,"no_overhangs",TRUE,"too_long",TRUE,58,TRUE,"SSPAPFHVALTATDAPYNK"
"267","AT5G13500","NMSLPPPGVPESVVTLVK",4,NA,NA,NA,0.44,0.37,"GKIGEWRFDKRSHLRGPPPR","PPPR","MVN","MVNEATATIPNWDTL","NMSLPPPGVPESVVTLVK",18,18,"no_overhangs",TRUE,"contains_Met",TRUE,326,TRUE,"NMSLPPPGVPESVVTLVK"
"268","AT5G16910","ATDLQVLK",2,NA,10,NA,0.41,0.49,"LWFALSWLLDQLPKLCPINR","PINR","EKFET","EKFETPTASNPTGKSDLPGFD","PINR.ATDLQVLK.EKFET",8,17,"fully_representative",TRUE,"quantifiable",TRUE,354,TRUE,"PINRATDLQVLKEKFET"
"269","AT5G16910","NNALLASSK",0,NA,2,NA,0.41,0.41,"DRLHQVLRWATGSVEIFFSR","FFSR","MKILQ","MKILQRIAYLNVGIYPFTSIF","FFSR.NNALLASSK.MKILQ",9,18,"fully_representative",FALSE,"quantifiable",TRUE,902,TRUE,"FFSRNNALLASSKMKILQ"
"270","AT5G16910","TGGGICPGCK",2,NA,NA,NA,0.4,0.74,"LLPCECDFKICRDCFIDAVK","DAVK","EPY","EPYKNTHLTDQVDENGQQRPM","DAVK.TGGGICPGCK.EPY",10,17,"fully_representative",TRUE,"quantifiable",TRUE,166,TRUE,"DAVKTGGGICPGCKEPY"
"271","AT5G16910","TIYSVVPQWSK",2,NA,NA,NA,0.41,0.37,"IPPITIIMVNLIAIAVGFSR","GFSR","LIG","LIGGVFFSFWVLAHLYPFAKG","GFSR.TIYSVVPQWSK.LIG",11,18,"fully_representative",TRUE,"quantifiable",TRUE,1068,TRUE,"GFSRTIYSVVPQWSKLIG"
"272","AT5G16910","GSSCAIPGCDAK",1,NA,NA,NA,0.43,0.41,"HLMHKVIETEPNHPQMAGSK","AGSK","VMS","VMSDERGQDLLPCECDFKICR","AGSK.GSSCAIPGCDAK.VMS",12,19,"fully_representative",TRUE,"quantifiable",TRUE,125,TRUE,"AGSKGSSCAIPGCDAKVMS"
"273","AT5G16910","DGDFGSGK",0,NA,NA,NA,0.43,0.48,"NRWLFETTGTYGYGNAFWTK","FWTK","DGD","DGDGDGDGMGMEAQDLMSRPW","FWTK.DGDFGSGK.DGD",8,15,"fully_representative",FALSE,"quantifiable",TRUE,251,TRUE,"FWTKDGDFGSGKDGD"
"274","AT5G16910","FETPTASNPTGK",3,NA,1,NA,0.93,0.44,"QLPKLCPINRATDLQVLKEK","QVLKEK","SDL","SDLPGFDVFVSTADPEKEPPL","VLKEK.FETPTASNPTGK.SDL",12,20,"N_overhang_shortened",TRUE,"quantifiable",TRUE,364,TRUE,"VLKEKFETPTASNPTGKSDL"
"275","AT5G16910","SDLPGFDVFVSTADPEK",4,NA,NA,NA,0.44,0.96,"DLQVLKEKFETPTASNPTGK","PTGK","EPP","EPPLVTANTILSILAAEYPVE","SDLPGFDVFVSTADPEK",17,17,"no_overhangs",TRUE,"quantifiable",TRUE,376,TRUE,"SDLPGFDVFVSTADPEK"
"276","AT5G16910","WLFETTGTYGYGNAFWTK",3,NA,NA,NA,0.44,0.43,"KSTNKSALMRSQTGDFDHNR","DHNR","DGD","DGDFGSGKDGDGDGDGMGMEA","WLFETTGTYGYGNAFWTK",18,18,"no_overhangs",FALSE,"quantifiable",TRUE,233,TRUE,"WLFETTGTYGYGNAFWTK"
"277","AT5G16910","VVAGVEISFTLTSK",3,NA,NA,NA,0.38,0.35,"FWLIGGTSAHLAAVLQGLLK","GLLK","SGG","SGGDDIDDEFADLYMVKWTSL","VVAGVEISFTLTSK",14,14,"no_overhangs",TRUE,"quantifiable",TRUE,1012,TRUE,"VVAGVEISFTLTSK"
"278","AT5G25265","SYDSKPPPR",0,NA,6,NA,0.87,0.53,"YDMKGKLTYGKIGEWRFDKR","GEWRFDKR","NLT","NLTMPPPGVSQSVVTLVKMIN","GEWRFDKR.SYDSKPPPR.NLT",9,20,"fully_representative",TRUE,"missed_cleavage",TRUE,326,TRUE,"GEWRFDKRSYDSKPPPRNLT"
"279","AT5G25265","SSSSDISIDPVIELPR",3,3718,42,NA,0.45,0.46,"ITYNIIISANAPLKQGFPGR","FPGR","GGG","GGGSRNNDGKRIRLFHTAVTA","SSSSDISIDPVIELPR",16,16,"no_overhangs",TRUE,"quantifiable",TRUE,40,TRUE,"SSSSDISIDPVIELPR"
"280","AT5G25265","DGLGAAFPFFYIEPK",4,1936,51,NA,0.43,0.66,"YILMSEPDHIIVKPIPNLAK","NLAK","KYEK","KYEKVLRKYYPEVRGPVTNID","DGLGAAFPFFYIEPK",15,15,"no_overhangs",TRUE,"quantifiable",TRUE,183,TRUE,"DGLGAAFPFFYIEPK"
"281","AT5G25265","GPVTNIDPIGNSPVIVGK",4,NA,57,NA,0.46,0.61,"FYIEPKKYEKVLRKYYPEVR","PEVR","DAL","DALKKIAPTWMNVSLAMKKDP","GPVTNIDPIGNSPVIVGK",18,18,"no_overhangs",TRUE,"quantifiable",TRUE,212,TRUE,"GPVTNIDPIGNSPVIVGK"
"282","AT5G25265","LFHTAVTASDSVYNTWQCR",2,NA,NA,NA,0.81,0.42,"PVIELPRGGGSRNNDGKRIR","NDGKRIR","VMY","VMYYWFKKIQASAGPGSEMGG","LFHTAVTASDSVYNTWQCR",19,19,"no_overhangs",TRUE,"too_long",TRUE,69,TRUE,"LFHTAVTASDSVYNTWQCR"
"283","AT5G60920","FVTTDTR",0,NA,17,0.065,0.46,0.64,"LMGPGPGYTCGPAKIVRPTK","GPAKIVRPTK","RTTQ","RTTQAMMTWNITCTYSQFLAQ","RPTK.FVTTDTR.RTT",7,14,"both_overhangs_shortened",TRUE,"quantifiable",TRUE,201,TRUE,"RPTKFVTTDTRRTT"
"284","AT5G60920","GTVLPPLVQCTR",4,NA,7,NA,0.72,0.41,"ACLDPDTPHLASVVSPPTKK","PPTKK","HMC","HMCPIRVHWHVKQNYKEYWRV","PPTKK.GTVLPPLVQCTR.HMC",12,20,"fully_representative",TRUE,"quantifiable",TRUE,284,TRUE,"PPTKKGTVLPPLVQCTRHMC"
"285","AT5G60920","ITITNFNYR",1,NA,3,0.452,0.49,0.43,"CPIRVHWHVKQNYKEYWRVK","EYWRVK","LNY","LNYTQWNLVAQHPNLDNITQI","EYWRVK.ITITNFNYR.LNY",9,18,"fully_representative",TRUE,"quantifiable",TRUE,318,TRUE,"EYWRVKITITNFNYRLNY"
"286","AT5G60920","DQSTFTFEK",1,NA,NA,NA,0.81,0.41,"DFLSEAGPLGNVQSEILFRK","ILFRK","GWA","GWAFPRRIYFNGDNCVMPPPD","ILFRK.DQSTFTFEK.GWA",9,17,"fully_representative",TRUE,"quantifiable",TRUE,395,TRUE,"ILFRKDQSTFTFEKGWA"
"287","AT5G60920","HIQSPGWTLGWK",3,NA,NA,0.226,0.65,0.59,"SWTPDGYVAVVTMFNFQKYR","NFQKYR","WAK","WAKKEVIWSMVGAQTTEQGDC","FQKYR.HIQSPGWTLGWK.WAK",12,20,"N_overhang_shortened",TRUE,"quantifiable",TRUE,74,TRUE,"FQKYRHIQSPGWTLGWKWAK"
"288","AT5G61840","FLLSSPVR",3,NA,22,NA,NA,NA,"LQKDPRCLNHMFAAEIYMQR","YMQR","TLN","TLNPEEADWFYVPVYTTCDLT","YMQR.FLLSSPVR.TLN",8,15,"fully_representative",TRUE,"not_proteotypic",FALSE,85,TRUE,"YMQRFLLSSPVRTLN"
"289","AT5G61840","VFVYELPSK",3,NA,15,NA,0.52,0.57,"ERISGSAGDVLEDDPVGRLK","PVGRLK","YNK","YNKKILQKDPRCLNHMFAAEI","PVGRLK.VFVYELPSK.YNK",9,18,"fully_representative",TRUE,"quantifiable",TRUE,51,TRUE,"PVGRLKVFVYELPSKYNK"
"290","AT5G61840","ATLVQTFGQR",2,NA,15,NA,NA,NA,"CFHYQEEKAIGRGILPLLQR","LLQR","NHV","NHVCLKEGSITVPPYAPPQKM","LLQR.ATLVQTFGQR.NHV",10,17,"fully_representative",TRUE,"not_proteotypic",FALSE,180,TRUE,"LLQRATLVQTFGQRNHV"
"291","AT5G61840","GILPLLQR",1,NA,5,NA,NA,NA,"VVPHDFGACFHYQEEKAIGR","AIGR","ATL","ATLVQTFGQRNHVCLKEGSIT","AIGR.GILPLLQR.ATL",8,15,"fully_representative",TRUE,"not_proteotypic",FALSE,172,TRUE,"AIGRGILPLLQRATL"
"292","AT5G61840","AAVWENFK",0,NA,2,NA,NA,NA,"GLFYDVGNDPEGGYYARGAR","YYARGAR","DNP","DNPLFDISTEHPTTYYEDMQR","YYARGAR.AAVWENFK.DNP",8,18,"fully_representative",TRUE,"not_proteotypic",FALSE,249,TRUE,"YYARGARAAVWENFKDNP"
"293","AT5G61840","ISGSAGDVLEDDPVGR",4,NA,15,0.154,0.43,0.48,"CNTFSSISAFRLSRSQPTER","PTER","LKVFV","LKVFVYELPSKYNKKILQKDP","ISGSAGDVLEDDPVGR",16,16,"no_overhangs",TRUE,"quantifiable",TRUE,33,TRUE,"ISGSAGDVLEDDPVGR"
"294","AT5G61840","GLFYDVGNDPEGGYYAR",4,NA,1,0.923,0.4,0.47,"KMQSHLIPEKTPRSIFVYFR","VYFR","GAR","GARAAVWENFKDNPLFDISTE","GLFYDVGNDPEGGYYAR",17,17,"no_overhangs",TRUE,"quantifiable",TRUE,229,TRUE,"GLFYDVGNDPEGGYYAR"
"295","AT5G61840","SAIQLIASNWPYWNR",3,NA,NA,NA,0.52,0.48,"TCDLTPNGLPLPFKSPRMMR","LPFKSPRMMR","TEG","TEGADHFFVVPHDFGACFHYQ","SAIQLIASNWPYWNR",15,15,"no_overhangs",TRUE,"quantifiable",TRUE,129,TRUE,"SAIQLIASNWPYWNR"
"296","AT5G61840","AIFCLCPLGWAPWSPR",3,NA,NA,NA,NA,NA,"NPLFDISTEHPTTYYEDMQR","DMQR","LVE","LVEAVIFGCIPVIIADDIVLP","AIFCLCPLGWAPWSPR",16,16,"no_overhangs",TRUE,"not_proteotypic",FALSE,278,TRUE,"AIFCLCPLGWAPWSPR"
"297","AT5G61840","DVPYLDTILTSIPPEVILR",3,NA,NA,NA,0.58,0.79,"VLPFADAIPWEDIGVFVDEK","VDEK","KQRLLA","KQRLLANPSMKQAMLFPQPAQ","DVPYLDTILTSIPPEVILR",19,19,"no_overhangs",TRUE,"too_long",TRUE,332,TRUE,"DVPYLDTILTSIPPEVILR"
"298","AT5G64740","NEFVLINADENAR",3,NA,NA,0.136,0.5,0.47,"MNTGGRLIAGSHNR","SHNR","IRSVQ","IRSVQELSGQTCQICRDEIEL","SHNR.NEFVLINADENAR.IRS",13,20,"C_overhang_shortened",TRUE,"quantifiable",TRUE,15,TRUE,"SHNRNEFVLINADENARIRS"
"299","AT5G64740","NASPACLLK",2,NA,NA,NA,0.42,0.43,"FGQSPVFVASARMENGGMAR","GMAR","EAI","EAIQVISCGYEDKTEWGKEIG","GMAR.NASPACLLK.EAI",9,16,"fully_representative",TRUE,"quantifiable",TRUE,747,TRUE,"GMARNASPACLLKEAI"
"300","AT5G64740","HALIVPPSLGGHGNR",4,NA,NA,0.182,0.53,0.42,"GSQIPLLTYGDEDVEISSDR","SSDR","VHP","VHPVSLSDPTVAAHPRPMVPQ","HALIVPPSLGGHGNR",15,15,"no_overhangs",TRUE,"quantifiable",TRUE,169,TRUE,"HALIVPPSLGGHGNR"
"301","AT5G64740","VLAGVDTNFTVTSK",4,NA,NA,NA,0.38,0.37,"FWVIGGVSAHLFALFQGLLK","GLLK","AAD","AADDGEFSDLYLFKWTSLLIP","VLAGVDTNFTVTSK",14,14,"no_overhangs",TRUE,"quantifiable",TRUE,951,TRUE,"VLAGVDTNFTVTSK"
"302","AT5G64740","AADDGEFSDLYLFK",4,NA,NA,0.182,0.37,0.41,"FQGLLKVLAGVDTNFTVTSK","VTSK","WTS","WTSLLIPPMTLLIINVIGVIV","AADDGEFSDLYLFK",14,14,"no_overhangs",TRUE,"quantifiable",TRUE,965,TRUE,"AADDGEFSDLYLFK"
"303","AT5G64740","SVQELSGQTCQICR",3,NA,NA,NA,0.66,0.62,"GSHNRNEFVLINADENARIR","ENARIR","DEI","DEIELTVDGEPFVACNECAFP","SVQELSGQTCQICR",14,14,"no_overhangs",TRUE,"quantifiable",TRUE,30,TRUE,"SVQELSGQTCQICR"
"304","AT5G64740","LFFALWVIIHLYPFLK",1,NA,NA,NA,0.4,0.37,"VGVSDAISNGYDSWGPLFGR","LFGR","GLL","GLLGKQDRMPTIIVVWSILLA","LFFALWVIIHLYPFLK",16,16,"no_overhangs",TRUE,"quantifiable",TRUE,1019,TRUE,"LFFALWVIIHLYPFLK"
"305","AT5G67210","NSTQFCR",0,NA,NA,NA,0.81,0.78,"ENLVESNDLLAHYVLEKMDK","VLEKMDK","GRKKKRSVS","GRKKKRSVSSPSA","KMDK.NSTQFCR.GRK",7,14,"both_overhangs_shortened",FALSE,"quantifiable",TRUE,298,TRUE,"KMDKNSTQFCRGRK"
"306","AT5G67210","TVFIEENR",2,NA,NA,NA,NA,NA,"LVFGLTHETLLWKSLNHNGR","HNGR","YYA","YYAAYFEEIHPEIEVFDVQYT","HNGR.TVFIEENR.YYA",8,15,"fully_representative",TRUE,"not_proteotypic",FALSE,140,TRUE,"HNGRTVFIEENRYYA"
"307","AT5G67210","LILVHPYIQK",1,NA,NA,NA,0.39,0.42,"MKSGGNTNTK","TNTK","QTS","QTSTNRLWLLAFVSFFTIAFL","TNTK.LILVHPYIQK.QTS",10,17,"fully_representative",TRUE,"quantifiable",TRUE,11,TRUE,"TNTKLILVHPYIQKQTS"
"308","AT5G67210","GDGGDVPGR",1,NA,NA,NA,0.48,0.47,"DLPNHVYDVDWDVILVDGPR","DGPR","MSS","MSSIFTAAVLARSKKGGNPKT","DGPR.GDGGDVPGR.MSS",9,16,"fully_representative",TRUE,"quantifiable",TRUE,226,TRUE,"DGPRGDGGDVPGRMSS"
"309","AT5G67210","THVFVHDYYR",1,NA,NA,NA,NA,NA,"MSSIFTAAVLARSKKGGNPK","GNPK","DVE","DVERLCGDEFLCRENLVESND","GNPK.THVFVHDYYR.DVE",10,17,"fully_representative",TRUE,"not_proteotypic",FALSE,255,TRUE,"GNPKTHVFVHDYYRDVE"
"310","AT5G67210","LCGDEFLCR",1,NA,NA,NA,NA,NA,"KGGNPKTHVFVHDYYRDVER","DVER","ENL","ENLVESNDLLAHYVLEKMDKN","DVER.LCGDEFLCR.ENL",9,16,"fully_representative",TRUE,"not_proteotypic",FALSE,269,TRUE,"DVERLCGDEFLCRENL"
"311","AT5G67210","CSPPCNLLVFGLTHETLLWK",4,NA,NA,NA,0.69,0.37,"NDSYHMSYGEMKSISDVLRR","DVLRR","SLN","SLNHNGRTVFIEENRYYAAYF","CSPPCNLLVFGLTHETLLWK",20,20,"no_overhangs",TRUE,"too_long",TRUE,113,TRUE,"CSPPCNLLVFGLTHETLLWK"
"312","AT5G67210","ENLVESNDLLAHYVLEK",4,NA,NA,NA,0.46,0.5,"FVHDYYRDVERLCGDEFLCR","FLCR","MDK","MDKNSTQFCRGRKKKRSVSSP","ENLVESNDLLAHYVLEK",17,17,"no_overhangs",TRUE,"starts_E",TRUE,278,TRUE,"ENLVESNDLLAHYVLEK"
"313","AT5G67230","SSPSLDPSFDGK",2,NA,NA,NA,0.45,0.48,"MKLSVFRLSYWNRRGSSFR","SSFR","SPS","SPSSVFWFVIHGLCCLISLIL","SSFR.SSPSLDPSFDGK.SPS",12,19,"fully_representative",TRUE,"quantifiable",TRUE,20,TRUE,"SSFRSSPSLDPSFDGKSPS"
"314","AT5G67230","FPPGWIIK",2,NA,NA,NA,0.59,0.46,"SCGRRVLLWWLRVEARADSK","ADSK","SPL","SPLEITVPSKRTPWPDSSSEL","ADSK.FPPGWIIK.SPL",8,15,"fully_representative",TRUE,"quantifiable",TRUE,424,TRUE,"ADSKFPPGWIIKSPL"
"315","AT5G67230","AHQLLVR",1,NA,NA,NA,0.45,0.54,"GRHGIRIRPWPHPNPIEVLR","EVLR","VQK","VQKEQKSMYGVRSPRTVIVVT","EVLR.AHQLLVR.VQK",7,14,"fully_representative",TRUE,"quantifiable",TRUE,131,TRUE,"EVLRAHQLLVRVQK"
"316","AT5G67230","TIHLGFDQK",1,NA,NA,NA,0.47,0.44,"VEAGGITNETASFIAKSGLK","SGLK","MPN","MPNTWEDRHKLETKMRLHALR","SGLK.TIHLGFDQK.MPN",9,16,"fully_representative",TRUE,"quantifiable",TRUE,209,TRUE,"SGLKTIHLGFDQKMPN"
"317","AT5G67230","VLLWWLR",0,NA,NA,NA,0.67,0.62,"PLSLVKDPSMVEPLGSCGRR","SCGRR","VEA","VEARADSKFPPGWIIKSPLEI","SCGRR.VLLWWLR.VEA",7,15,"fully_representative",FALSE,"quantifiable",TRUE,409,TRUE,"SCGRRVLLWWLRVEA"
"318","AT5G67230","TVIVVTPTYVR",3,NA,NA,NA,0.49,0.42,"QLLVRVQKEQKSMYGVRSPR","YGVRSPR","TFQ","TFQALHLTGVMHSLMLVPYDL","GVRSPR.TVIVVTPTYVR.TFQ",11,20,"N_overhang_shortened",TRUE,"quantifiable",TRUE,153,TRUE,"GVRSPRTVIVVTPTYVRTFQ"
"319","AT5G67230","IRPWPHPNPIEVLR",2,NA,NA,NA,0.5,0.45,"ATNSTVKKNSRVVVGRHGIR","HGIR","AHQ","AHQLLVRVQKEQKSMYGVRSP","IRPWPHPNPIEVLR",14,14,"no_overhangs",TRUE,"missed_cleavage",TRUE,117,TRUE,"IRPWPHPNPIEVLR"
"320","AT1G30000","GDSYYEYLIK",1,NA,17,0.1,NA,NA,"IYISPQTGDFVGENIRLGSR","LGSR","VWL","VWLQQGAKLNSNFTYLHDMYI","LGSR.GDSYYEYLIK.VWL",10,17,"fully_representative",FALSE,"quantifiable",TRUE,356,TRUE,"LGSRGDSYYEYLIKVWL"
"321","AT1G30000","GLVFVGELPYGSK",4,NA,13,0.114,NA,NA,"MYIEAMKGVRHLLVQNSIPK","SIPK","GEF","GEFSPKMDHLVCFLPGTLALG","SIPK.GLVFVGELPYGSK.GEF",13,20,"fully_representative",FALSE,"quantifiable",TRUE,404,TRUE,"SIPKGLVFVGELPYGSKGEF"
"322","AT1G30000","GQVNLFETTIR",4,NA,9,0.029,NA,NA,"IVSEAGSWVETHLLERISQK","ISQK","VLG","VLGGLLSAYHLSGGEQGTVNM","ISQK.GQVNLFETTIR.VLG",11,18,"fully_representative",FALSE,"quantifiable",TRUE,206,TRUE,"ISQKGQVNLFETTIRVLG"
"323","AT1G30000","SPNESGLNEK",0,NA,1,0.029,NA,NA,"GKFLILILFFGVACLMLMSK","LMSK","GKVTF","GKVTFVGGLRLGGLLRKPPRL","LMSK.SPNESGLNEK.GKVTF",10,19,"fully_representative",FALSE,"quantifiable",TRUE,67,TRUE,"LMSKSPNESGLNEKGKVTF"
"324","AT1G30000","HLLVQNSIPK",4,NA,NA,0.029,NA,NA,"LNSNFTYLHDMYIEAMKGVR","EAMKGVR","GLV","GLVFVGELPYGSKGEFSPKMD","EAMKGVR.HLLVQNSIPK.GLV",10,20,"fully_representative",FALSE,"quantifiable",TRUE,394,TRUE,"EAMKGVRHLLVQNSIPKGLV"
"325","AT1G30000","VFSQSLLTLSTK",3,NA,NA,0.071,NA,NA,"YSVKDIHYDNAKFRHRSPLK","SPLK","RNYA","RNYASCSTGKFLILILFFGVA","SPLK.VFSQSLLTLSTK.RNYA",12,20,"fully_representative",FALSE,"quantifiable",TRUE,27,TRUE,"SPLKVFSQSLLTLSTKRNYA"
"326","AT1G51590","GLLSLVK",0,NA,32,NA,NA,NA,"QGNKTSAVKPYRDMWEKSMK","MWEKSMK","KSTP","KSTPSSFTYICEKNGNNLIDK","MWEKSMK.GLLSLVK.KSTP",7,18,"fully_representative",FALSE,"quantifiable",TRUE,344,TRUE,"MWEKSMKGLLSLVKKSTP"
"327","AT1G51590","VESGYVGLK",1,NA,24,NA,NA,NA,"NKTYQEWGWNIFQAFEKNSR","AFEKNSR","DVN","DVNTGAKDNKMQSFFLAETLK","AFEKNSR.VESGYVGLK.DVN",9,19,"fully_representative",FALSE,"quantifiable",TRUE,479,TRUE,"AFEKNSRVESGYVGLKDVN"
"328","AT1G51590","LNEEVSR",0,NA,14,NA,NA,NA,"SMLVWDRINLAREHEVEVFK","EVFK","LEQ","LEQMLEELNGGVGNKPLKTLK","EVFK.LNEEVSR.LEQ",7,14,"fully_representative",FALSE,"quantifiable",TRUE,59,TRUE,"EVFKLNEEVSRLEQ"
"329","AT1G51590","VITELNK",0,NA,13,NA,NA,NA,"EFIALSQRTGDPKYQQKVEK","YQQKVEK","NFP","NFPADGLLPIYINPDNANPSY","YQQKVEK.VITELNK.NFP",7,17,"fully_representative",FALSE,"quantifiable",TRUE,275,TRUE,"YQQKVEKVITELNKNFP"
"330","AT1G51590","VWVQGNK",0,NA,NA,NA,NA,NA,"SYSTTTFGAMGDSFYEYLLK","YLLK","TSA","TSAVKPYRDMWEKSMKGLLSL","YLLK.VWVQGNK.TSA",7,14,"fully_representative",FALSE,"quantifiable",TRUE,321,TRUE,"YLLKVWVQGNKTSA"
"331","AT1G51590","NGNNLIDK",0,NA,NA,NA,NA,NA,"GLLSLVKKSTPSSFTYICEK","ICEK","MDE","MDELACFAPGMLALGASGYGP","ICEK.NGNNLIDK.MDE",8,15,"fully_representative",FALSE,"quantifiable",TRUE,364,TRUE,"ICEKNGNNLIDKMDE"
"332","AT1G51590","DVNTGAK",0,NA,NA,NA,NA,NA,"NIFQAFEKNSRVESGYVGLK","VGLK","DNK","DNKMQSFFLAETLKYLYLLFS","VGLK.DVNTGAK.DNK",7,14,"fully_representative",FALSE,"quantifiable",TRUE,488,TRUE,"VGLKDVNTGAKDNK"
"333","AT1G51590","TYQEWGWNIFQAFEK",1,NA,NA,0.127,NA,NA,"ILRPETVESLFYLWRLTGNK","TGNK","NSR","NSRVESGYVGLKDVNTGAKDN","TYQEWGWNIFQAFEK",15,15,"no_overhangs",FALSE,"quantifiable",TRUE,461,TRUE,"TYQEWGWNIFQAFEK"
"334","AT1G51630","VTTYFPSVNLR",3,15870,51,NA,NA,NA,"AEDYIKEHIDPIFKSKGNIR","GNIR","KSSQ","KSSQGAETDPVSCLAMFGSLE","GNIR.VTTYFPSVNLR.KSSQ",11,19,"fully_representative",FALSE,"quantifiable",TRUE,202,TRUE,"GNIRVTTYFPSVNLRKSSQ"
"335","AT1G51630","VAVEDGLVR",1,10430.5,90,NA,NA,NA,"DAVQEKVQGDAHDIEFHGSK","HGSK","AFE","AFEAGTKGPWMEDSHELKPCW","HGSK.VAVEDGLVR.AFE",9,16,"fully_representative",FALSE,"quantifiable",TRUE,51,TRUE,"HGSKVAVEDGLVRAFE"
"336","AT1G51630","FEDIYDVDK",1,4971,48,NA,NA,NA,"LGATLVLPDIRGSKPGDEMK","DEMK","LIK","LIKTLESVVKVVRKLPSHVSL","DEMK.FEDIYDVDK.LIK",9,16,"fully_representative",FALSE,"quantifiable",TRUE,140,TRUE,"DEMKFEDIYDVDKLIK"
"337","AT1G51630","WESSLNILK",1,NA,16,NA,NA,NA,"LFLRKLGFDSDTTIYLTQPR","TQPR","DIF","DIFPKTYTKEAIMPSDKKTKY","TQPR.WESSLNILK.DIF",9,16,"fully_representative",FALSE,"quantifiable",TRUE,314,TRUE,"TQPRWESSLNILKDIF"
"338","AT1G51630","DYFDAVQEK",1,NA,9,NA,NA,NA,"VVAGILTITMFVMLGQMLHR","MLHR","VQG","VQGDAHDIEFHGSKVAVEDGL","MLHR.DYFDAVQEK.VQG",9,16,"fully_representative",FALSE,"quantifiable",TRUE,28,TRUE,"MLHRDYFDAVQEKVQG"
"339","AT1G51630","LGFDSDTTIYLTQPR",4,2653,NA,NA,NA,NA,"GAVGSKTCYNAQEIALFLRK","LFLRK","WES","WESSLNILKDIFPKTYTKEAI","LGFDSDTTIYLTQPR",15,15,"no_overhangs",FALSE,"quantifiable",TRUE,299,TRUE,"LGFDSDTTIYLTQPR"
"340","AT1G51630","VQGDAHDIEFHGSK",4,NA,16,NA,NA,NA,"MFVMLGQMLHRDYFDAVQEK","VQEK","VAV","VAVEDGLVRAFEAGTKGPWME","VQGDAHDIEFHGSK",14,14,"no_overhangs",FALSE,"quantifiable",TRUE,37,TRUE,"VQGDAHDIEFHGSK"
"341","AT2G05320","TSFPGVTLNDCK",4,NA,1,NA,NA,NA,"SIKFCQVKQIFSPYSPHIYR","HIYR","NKGDE","NKGDEAKGHCEGNPDQYGNHR","HIYR.TSFPGVTLNDCK.NKGD",12,20,"C_overhang_shortened",FALSE,"quantifiable",TRUE,167,TRUE,"HIYRTSFPGVTLNDCKNKGD"
"342","AT2G05320","GEGLESLVAER",2,NA,10,NA,NA,NA,"PAKCPDCFAANLAPSDVKSR","SDVKSR","MGN","MGNVGYSFNRSVWENIHQKAR","SDVKSR.GEGLESLVAER.MGN",11,20,"fully_representative",FALSE,"quantifiable",TRUE,276,TRUE,"SDVKSRGEGLESLVAERMGN"
"343","AT2G05320","NTDLFPDLAK",2,NA,6,NA,NA,NA,"VARGNRMSLRLHRRNHFSPR","FSPR","DRVVI","DRVVIVLYVHNRAQYFRVTVE","FSPR.NTDLFPDLAK.DRVVI",10,19,"fully_representative",FALSE,"quantifiable",TRUE,87,TRUE,"FSPRNTDLFPDLAKDRVVI"
"344","AT2G05320","VTVESLSK",0,NA,5,NA,NA,NA,"LAKDRVVIVLYVHNRAQYFR","QYFR","VKGIS","VKGISETLLIVSHDGYFEEMN","QYFR.VTVESLSK.VKGIS",8,17,"fully_representative",FALSE,"quantifiable",TRUE,114,TRUE,"QYFRVTVESLSKVKGIS"
"345","AT2G05320","LNASLLSVAR",3,NA,NA,NA,NA,NA,"LNGSSIDDDLDGLDKDLEAK","LEAK","GNR","GNRMSLRLHRRNHFSPRNTDL","LEAK.LNASLLSVAR.GNR",10,17,"fully_representative",FALSE,"quantifiable",TRUE,60,TRUE,"LEAKLNASLLSVARGNR"
"346","AT2G05320","VVIVLYVHNR",1,NA,NA,NA,NA,NA,"RRNHFSPRNTDLFPDLAKDR","DLAKDR","AQY","AQYFRVTVESLSKVKGISETL","DLAKDR.VVIVLYVHNR.AQY",10,19,"fully_representative",FALSE,"quantifiable",TRUE,99,TRUE,"DLAKDRVVIVLYVHNRAQY"
"347","AT2G05320","GDEGDCIDNGVVNIEVK",4,NA,NA,NA,NA,NA,"LRGPRTSAVHFGKCGLHQGR","HQGR","ETD","ETDKVVNIKEGWGVRVYKHQA","GDEGDCIDNGVVNIEVK",17,17,"no_overhangs",FALSE,"quantifiable",TRUE,356,TRUE,"GDEGDCIDNGVVNIEVK"
"348","AT3G21160","DVQEDPVDAQR",2,NA,48,0.222,NA,NA,"QQMLEEIKSVTEDVSVNSLK","NSLK","MQR","MQRVKEAMVHAWSSYEKYAWG","NSLK.DVQEDPVDAQR.MQR",11,18,"fully_representative",FALSE,"quantifiable",TRUE,88,TRUE,"NSLKDVQEDPVDAQRMQR"
"349","AT3G21160","SVTEDVSVNSLK",4,NA,3,NA,NA,NA,"EVSKLNEEVLRLQQMLEEIK","EEIK","DVQ","DVQEDPVDAQRMQRVKEAMVH","EEIK.SVTEDVSVNSLK.DVQ",12,19,"fully_representative",FALSE,"quantifiable",TRUE,76,TRUE,"EEIKSVTEDVSVNSLKDVQ"
"350","AT3G21160","YFNPAFYLR",2,NA,2,0.037,NA,NA,"MARNKLVSGSHGIWK","GIWK","RPRRLAL","RPRRLALLIILFVSVSMVVWD","GIWK.YFNPAFYLR.RPRRLAL",9,20,"fully_representative",FALSE,"quantifiable",TRUE,16,TRUE,"GIWKYFNPAFYLRRPRRLAL"
"351","AT3G21160","DYQFEVSK",2,NA,2,0.037,NA,NA,"LIILFVSVSMVVWDRQSLSR","SLSR","LNE","LNEEVLRLQQMLEEIKSVTED","SLSR.DYQFEVSK.LNE",8,15,"fully_representative",FALSE,"quantifiable",TRUE,52,TRUE,"SLSRDYQFEVSKLNE"
"352","AT3G21160","IESGYVGLK",2,NA,2,NA,NA,NA,"NKTYQEWGWNIFEAFEKNSR","AFEKNSR","DVN","DVNTGVKDNKMQSFFLAETLK","AFEKNSR.IESGYVGLK.DVN",9,19,"fully_representative",FALSE,"quantifiable",TRUE,480,TRUE,"AFEKNSRIESGYVGLKDVN"
"353","AT3G21160","YAWGQDELQPQTK",3,NA,NA,0.259,NA,NA,"AQRMQRVKEAMVHAWSSYEK","SYEK","DGV","DGVDSFGGLGATMIDALDTLY","SYEK.YAWGQDELQPQTK.DGV",13,20,"fully_representative",FALSE,"quantifiable",TRUE,116,TRUE,"SYEKYAWGQDELQPQTKDGV"
"354","AT3G21160","TYQEWGWNIFEAFEK",2,NA,NA,0.148,NA,NA,"ILRPETVESLFYLWRLTGNK","TGNK","NSR","NSRIESGYVGLKDVNTGVKDN","TYQEWGWNIFEAFEK",15,15,"no_overhangs",FALSE,"quantifiable",TRUE,462,TRUE,"TYQEWGWNIFEAFEK"
"355","AT3G21190","VASYFPSVNLR",4,4215,30,NA,NA,NA,"TEDYIKEHIDPIFKSKGNIR","GNIR","KSSQ","KSSQDGETDPVACLAMFGSLE","GNIR.VASYFPSVNLR.KSSQ",11,19,"fully_representative",FALSE,"quantifiable",TRUE,201,TRUE,"GNIRVASYFPSVNLRKSSQ"
"356","AT3G21190","NFEDIYDADK",1,3888,29,NA,NA,NA,"HLGATLVLPDIRGSKPGDER","GDER","LIK","LIKSLENVVKVVKKLPEEVSL","GDER.NFEDIYDADK.LIK",10,17,"fully_representative",FALSE,"quantifiable",TRUE,138,TRUE,"GDERNFEDIYDADKLIK"
"357","AT3G21190","DGLVGTVEGSK",3,3057,22,NA,NA,NA,"EKAQGDAQDIEFEGSKVSVK","VSVK","GLW","GLWMEDNTDLTPCWPTLLSDD","VSVK.DGLVGTVEGSK.GLW",11,18,"fully_representative",FALSE,"quantifiable",TRUE,55,TRUE,"VSVKDGLVGTVEGSKGLW"
"358","AT3G21190","DYFDSLQEK",1,1912,1,NA,NA,NA,"VVAGILTITMFVMLGQMLHR","MLHR","AQG","AQGDAQDIEFEGSKVSVKDGL","MLHR.DYFDSLQEK.AQG",9,16,"fully_representative",FALSE,"quantifiable",TRUE,28,TRUE,"MLHRDYFDSLQEKAQG"
"359","AT3G21190","FIAVDLR",1,NA,31,NA,NA,NA,"AVAESMVERLRTHSRKSGGR","SGGR","IDI","IDILEKKNCHTTGVVGSKTCY","SGGR.FIAVDLR.IDI",7,14,"fully_representative",FALSE,"quantifiable",TRUE,259,TRUE,"SGGRFIAVDLRIDI"
"360","AT3G21190","WDSSLNILK",2,NA,12,NA,NA,NA,"LFLRKLGFASDTTIYLTQPR","TQPR","DIF","DIFPKTFTKEAIMPASKRSKY","TQPR.WDSSLNILK.DIF",9,16,"fully_representative",FALSE,"quantifiable",TRUE,313,TRUE,"TQPRWDSSLNILKDIF"
"361","AT3G21190","AQGDAQDIEFEGSK",4,5257.5,6,NA,NA,NA,"MFVMLGQMLHRDYFDSLQEK","LQEK","VSV","VSVKDGLVGTVEGSKGLWMED","AQGDAQDIEFEGSK",14,14,"no_overhangs",FALSE,"quantifiable",TRUE,37,TRUE,"AQGDAQDIEFEGSK"
"362","AT4G38240","GLIDEVSIK",2,NA,9,NA,NA,NA,"YADRLSSAIESENHCTSQMR","SQMR","QSR","QSRIVALEDMKNRQDEELVQL","SQMR.GLIDEVSIK.QSR",9,16,"fully_representative",FALSE,"quantifiable",TRUE,53,TRUE,"SQMRGLIDEVSIKQSR"
"363","AT4G38240","DLIQTFEK",1,NA,8,NA,NA,NA,"RIVALEDMKNRQDEELVQLK","VQLK","KGIA","KGIAKLTQGGQMPVAAVVVMA","VQLK.DLIQTFEK.KGIA",8,16,"fully_representative",FALSE,"quantifiable",TRUE,84,TRUE,"VQLKDLIQTFEKKGIA"
"364","AT4G38240","LNDVTVDWK",1,NA,6,NA,NA,NA,"FGEHGSSLGQFFSQYLEPIK","EPIK","AKDLG","AKDLGYLTEGNYTKYFSGLVR","EPIK.LNDVTVDWK.AKDLG",9,18,"fully_representative",FALSE,"quantifiable",TRUE,332,TRUE,"EPIKLNDVTVDWKAKDLG"
"365","AT4G38240","STWDELSPK",1,NA,5,NA,NA,NA,"DPYALYRSDFFPGLGWMLKR","WMLKR","WPK","WPKAYWDDWLRLKENHKGRQF","WMLKR.STWDELSPK.WPK",9,17,"fully_representative",FALSE,"quantifiable",TRUE,272,TRUE,"WMLKRSTWDELSPKWPK"
"366","AT4G38240","LFQTQSQYADR",2,NA,NA,0.171,NA,NA,"CDLRFLLIPAAFMFIYIQMR","IQMR","LSS","LSSAIESENHCTSQMRGLIDE","IQMR.LFQTQSQYADR.LSS",11,18,"fully_representative",FALSE,"quantifiable",TRUE,26,TRUE,"IQMRLFQTQSQYADRLSS"
"367","AT4G38240","SVLTYQTPVASK",4,849.5,4,0.086,NA,NA,"VAAVVVMACSRADYLERTVK","YLERTVK","YPL","YPLFISQDGSDQAVKSKSLSY","ERTVK.SVLTYQTPVASK.YPL",12,20,"N_overhang_shortened",FALSE,"quantifiable",TRUE,125,TRUE,"ERTVKSVLTYQTPVASKYPL"
"368","AT4G38240","YPLFISQDGSDQAVK",4,NA,5,0.714,NA,NA,"DYLERTVKSVLTYQTPVASK","VASK","SKSLS","SKSLSYNQLTYMQHLDFEPVV","YPLFISQDGSDQAVK",15,15,"no_overhangs",FALSE,"quantifiable",TRUE,137,TRUE,"YPLFISQDGSDQAVK"
"369","AT5G03760","VHVIYSFFVVR",2,NA,NA,NA,NA,NA,"LFRKMAFEIMTNKNVTLWKK","TLWKK","KLVA","KLVAHIVTFIFYCVILPATVL","TLWKK.VHVIYSFFVVR.KLVA",11,20,"fully_representative",FALSE,"quantifiable",TRUE,356,TRUE,"TLWKKVHVIYSFFVVRKLVA"
"370","AT5G03760","LALVQAR",0,NA,NA,NA,NA,NA,"FQPEADFLWRTVPYLLHNPK","HNPK","WKFVN","WKFVNSDECLMTRMQEMSLDY","HNPK.LALVQAR.WKFVN",7,16,"fully_representative",FALSE,"quantifiable",TRUE,218,TRUE,"HNPKLALVQARWKFVN"
"371","AT5G03760","FLYLGSLK",0,NA,NA,NA,NA,NA,"DRTTVEDMDLAVRASLKGWK","ASLKGWK","VKNEL","VKNELPSTFKAYRYQQHRWSC","ASLKGWK.FLYLGSLK.VKNEL",8,20,"fully_representative",FALSE,"quantifiable",TRUE,303,TRUE,"ASLKGWKFLYLGSLKVKNEL"
"372","AT5G14950","TNTLLIPLGDDFR",4,2098.5,25,NA,NA,NA,"VQERALKLLDQYRKKSTLYR","TLYR","YIS","YISIDEAEAQFRNYQMLFDHI","TLYR.TNTLLIPLGDDFR.YIS",13,20,"fully_representative",FALSE,"quantifiable",TRUE,404,TRUE,"TLYRTNTLLIPLGDDFRYIS"
"373","AT5G14950","FGTLEDYFR",2,1781,16,NA,NA,NA,"NYQMLFDHINSNPSLNAEAK","AEAK","TVR","TVREEADRVNYSRPGEVGSGQ","AEAK.FGTLEDYFR.TVR",9,16,"fully_representative",FALSE,"quantifiable",TRUE,449,TRUE,"AEAKFGTLEDYFRTVR"
"374","AT5G14950","DYVVQDYGTR",1,1187,23,NA,NA,NA,"AARRNLALFQHHDGVTGTAK","GTAK","MHT","MHTSLQDLQIFMSKAIEVLLG","GTAK.DYVVQDYGTR.MHT",10,17,"fully_representative",FALSE,"quantifiable",TRUE,573,TRUE,"GTAKDYVVQDYGTRMHT"
"375","AT5G14950","TYFIANGNVECEK",3,1022.5,NA,NA,NA,NA,"LFTGRHRLYWKASIPALGLR","LGLR","ATP","ATPSKLKYASEFDPFPCPPPY","LGLR.TYFIANGNVECEK.ATP",13,20,"fully_representative",FALSE,"quantifiable",TRUE,714,TRUE,"LGLRTYFIANGNVECEKATP"
"376","AT5G14950","YISIDEAEAQFR",3,NA,18,NA,NA,NA,"KKSTLYRTNTLLIPLGDDFR","DDFR","NYQ","NYQMLFDHINSNPSLNAEAKF","DDFR.YISIDEAEAQFR.NYQ",12,19,"fully_representative",FALSE,"quantifiable",TRUE,417,TRUE,"DDFRYISIDEAEAQFRNYQ"
"377","AT5G14950","LTVEEYYQR",1,NA,16,NA,NA,NA,"EKEKLKIFVVPHSHNDPGWK","PGWK","QSR","QSRHILDTIVETLSKDSRRKF","PGWK.LTVEEYYQR.QSR",9,16,"fully_representative",FALSE,"quantifiable",TRUE,169,TRUE,"PGWKLTVEEYYQRQSR"
"378","AT5G22740","FVNSDECLLTR",4,2832,1,NA,NA,NA,"RSIPFLMHNPNIALVQARWR","VQARWR","MQE","MQEMSLDYHFTVEQEVGSSTH","VQARWR.FVNSDECLLTR.MQE",11,20,"fully_representative",FALSE,"quantifiable",TRUE,227,TRUE,"VQARWRFVNSDECLLTRMQE"
"379","AT5G22740","ATLIGLFEAGR",3,955,14,0.024,NA,NA,"IHLLFYWILFENVMSLHRTK","SLHRTK","ANE","ANEWVVTAKLGSGQSAKGNTK","SLHRTK.ATLIGLFEAGR.ANE",11,20,"fully_representative",FALSE,"quantifiable",TRUE,437,TRUE,"SLHRTKATLIGLFEAGRANE"
"380","AT5G22740","FLYLGDLQVK",1,NA,5,0.143,NA,NA,"DRTTVEDMDLAVRASLRGWK","ASLRGWK","SEL","SELPSTFRAFRFQQHRWSCGP","ASLRGWK.FLYLGDLQVK.SEL",10,20,"fully_representative",FALSE,"quantifiable",TRUE,303,TRUE,"ASLRGWKFLYLGDLQVKSEL"
"381","AT5G22740","SELPSTFR",2,NA,NA,NA,NA,NA,"AVRASLRGWKFLYLGDLQVK","LQVK","AFR","AFRFQQHRWSCGPANLFRKMV","LQVK.SELPSTFR.AFR",8,15,"fully_representative",FALSE,"quantifiable",TRUE,313,TRUE,"LQVKSELPSTFRAFR"
"382","AT5G22740","ANEWVVTAK",1,NA,NA,0.024,NA,NA,"NVMSLHRTKATLIGLFEAGR","EAGR","LGS","LGSGQSAKGNTKGIKRFPRIF","EAGR.ANEWVVTAK.LGS",9,16,"fully_representative",FALSE,"quantifiable",TRUE,448,TRUE,"EAGRANEWVVTAKLGS"
"383","AT5G22740","LVIQVLDDSTDPTVK",4,2027.5,5,0.571,NA,NA,"REVYKLSIGAACGLSWPSDR","PSDR","QMV","QMVEVECQRWASKGINIRYQI","LVIQVLDDSTDPTVK",15,15,"no_overhangs",FALSE,"quantifiable",TRUE,129,TRUE,"LVIQVLDDSTDPTVK"
"384","AT5G55500","DLVASIR",0,NA,11,NA,NA,NA,"NDEMLNEYMQEGGIDRHTMR","HTMR","AVD","AVDTNDFVCEEWVEEPTLLVT","HTMR.DLVASIR.AVD",7,14,"fully_representative",FALSE,"quantifiable",TRUE,215,TRUE,"HTMRDLVASIRAVD"
"385","AT5G55500","AEPTAVIEK",1,NA,5,NA,NA,NA,"ELIAKWKGLEYHAMHLANSR","ANSR","LTE","LTEIMKSLGC","ANSR.AEPTAVIEK.LTE",9,16,"fully_representative",FALSE,"quantifiable",TRUE,516,TRUE,"ANSRAEPTAVIEKLTE"
"386","AT5G55500","AAFGLPVNR",3,NA,4,NA,NA,NA,"WQNPDDKRTARISEFGEMIR","EMIR","HRSLE","HRSLEKPLSSSSSSASVYNVL","EMIR.AAFGLPVNR.HRSLE",9,18,"fully_representative",FALSE,"quantifiable",TRUE,361,TRUE,"EMIRAAFGLPVNRHRSLE"
"387","AT5G55500","GLSGEIDCK",1,NA,1,NA,NA,NA,"PVCFRHAILSPLGYETALFK","ALFK","GDS","GDSAHNLWQNPDDKRTARISE","ALFK.GLSGEIDCK.GDS",9,16,"fully_representative",FALSE,"quantifiable",TRUE,325,TRUE,"ALFKGLSGEIDCKGDS"
"388","AT5G55500","IGGGGEGSWFR",2,NA,NA,0.167,NA,NA,"SCEGYFGNGFTKRVDFLKPR","DFLKPR","CFY","CFYSETLQSSICEGRNLRMVP","DFLKPR.IGGGGEGSWFR.CFY",11,20,"fully_representative",FALSE,"quantifiable",TRUE,99,TRUE,"DFLKPRIGGGGEGSWFRCFY"
"389","AT5G55500","HAILSPLGYETALFK",4,NA,1,NA,NA,NA,"TALFSGIRYAKNFTKPVCFR","VCFR","GLS","GLSGEIDCKGDSAHNLWQNPD","HAILSPLGYETALFK",15,15,"no_overhangs",FALSE,"quantifiable",TRUE,310,TRUE,"HAILSPLGYETALFK"
